Sample,CDR3,Count_MiXCR,Count_TRUST4
11_S1,CASSEGAREQFF,1,1
14_S4,CASSLELARETQYF,1,1
15_S5,CASTPLPASSYEQYF,1,1
16_S6,CASRRTETYEQYF,1,1
16_S6,CASSSGTSTLETQYF,1,1
16_S6,CASSYSNQGSEAFF,1,1
16_S6,CASSRSGNEQFF,1,1
16_S6,CASSFDVPPLNTEAFF,1,1
16_S6,CASSLDTEAFF,1,1
16_S6,CASGDRGRTDTQYF,1,1
16_S6,CSARDPPVNEKLFF,1,1
16_S6,CASSQDQSSYEQYF,1,2
16_S6,CASN*QG_PAHEQYF,1,0
16_S6,CASSPPTGSNEQFF,2,2
16_S6,CATSRDEGLTYNEQFF,0,1
16_S6,CASSQEGQGENEQYF,0,1
16_S6,CASTAPTSSYEQYF,0,1
16_S6,CASSLTQGDAYEQYF,0,1
16_S6,CASRPDNYNEQFF,0,1
17_S7,CASSAPPGFGGYTF,1,1
17_S7,CASSLALAEGDEQYF,2,5
17_S7,CATSPGVSGANVLTF,0,1
17_S7,CASSTGNPGGDTQYF,0,1
17_S7,CASSATSSRSYEQYF,0,1
17_S7,CASSLLTGSVEQYF,0,2
18_S8,CASRYFLSSYNEQFF,1,1
18_S8,CSVKTQDISSYNEQFF,1,0
19_S9,CASSFDGKETQYF,1,1
4_S4,CASSTGVVYNEQFF,1,1
4_S4,CASSLAGAEEETQYF,0,1
4_S4,CASSFGQSVDTQYF,0,5
5_S5,CASKMDSYTGELFF,1,1
5_S5,CSVVGDRGGYTF,1,2
5_S5,CASSQEGDGETQYF,0,1
