cloneId	readCount	readFraction	targetSequences	targetQualities	allVHitsWithScore	allDHitsWithScore	allJHitsWithScore	allCHitsWithScore	allVAlignments	allDAlignments	allJAlignments	allCAlignments	nSeqFR1	minQualFR1	nSeqCDR1	minQualCDR1	nSeqFR2	minQualFR2	nSeqCDR2	minQualCDR2	nSeqFR3	minQualFR3	nSeqCDR3	minQualCDR3	nSeqFR4	minQualFR4	aaSeqFR1	aaSeqCDR1	aaSeqFR2	aaSeqCDR2	aaSeqFR3	aaSeqCDR3	aaSeqFR4	refPoints
5	12.0	0.05714285714285714	GGCGNNGAGGACACGGCTGTGTATTACTGTGCGAGAAGCCTCGGGGGTATTACGATGGGTGTCTTTGACTACTGGGGCCAGGGAACCCTGGT	AAA[!![[[[[[[[[[[[[[[[[[[[[[[[[[[[[[[[[[[[[[[[[[[[[[[[[[[[[[[[[[[[[[[[[[[[[[[[[[[[[[[[[[[[[[	IGHV3-21*00(72.3),IGHV3-33*00(72.3),IGHV3-7*00(72.3)	IGHD3-3*00(50),IGHD3-9*00(50),IGHD3-10*00(44)	IGHJ4*00(126.7)		335|371|393|0|36|SA335GSA337CSC339NSC340N|124.0;362|371|393|27|36||45.0;362|371|393|27|36||45.0	31|41|93|46|56||50.0;31|41|93|46|56||50.0;31|43|93|46|58|ST38G|44.0	24|54|68|62|92||150.0		region_not_covered	region_not_covered	region_not_covered	region_not_covered	region_not_covered	region_not_covered	region_not_covered	region_not_covered	region_not_covered	region_not_covered	TGTGCGAGAAGCCTCGGGGGTATTACGATGGGTGTCTTTGACTACTGG	58	region_not_covered	region_not_covered	region_not_covered	region_not_covered	region_not_covered	region_not_covered	region_not_covered	CARSLGGITMGVFDYW	region_not_covered	:::::::::27:-2:36:46:0:-21:56:62:-4:75:::
9	10.0	0.047619047619047616	CGGNNGACACGGCTGTATATTACTGTGTGAGACTTGTAGGGCGCAGTAACTACGTTTTTGACTGGGGCCAGGGAACCCTGGTCA	[[[!![[[[[[[[[[[[[[[[[[[[[[[[[[[[[[[[[[[[[[[[[[[[[[[[[[[[[[[[[[[[[[[[[[[[[-[[[[[[[[[	IGHV3-35*00(62.6)	IGHD4-11*00(60),IGHD4-4*00(60)	IGHJ4*00(112.4)		339|371|393|0|32|SC340GSA342NSG343NSG355A|104.0	22|34|48|43|55||60.0;22|34|48|43|55||60.0	32|56|68|60|84||120.0		region_not_covered	region_not_covered	region_not_covered	region_not_covered	region_not_covered	region_not_covered	region_not_covered	region_not_covered	region_not_covered	region_not_covered	TGTGTGAGACTTGTAGGGCGCAGTAACTACGTTTTTGACTGG	58	region_not_covered	region_not_covered	region_not_covered	region_not_covered	region_not_covered	region_not_covered	region_not_covered	CVRLVGRSNYVFDW	region_not_covered	:::::::::23:-2:32:43:-6:2:55:60:-12:65:::
11	9.0	0.04285714285714286	GGCGANCNGNNNGNGNGCCGAGGACACGGCTGTGTATTACTGTGCAAGTCCCCCCGTGGGGGAGGGGGGTATGGACGTCTGGGGCCAAGGGACCACGG	AAAAA![![!!![![![[[[[[[[[[[[[[[[[[[[)[[[[[[[[[[[[[[[[[[[[[[[[[[[[[[[[[[[[[[[[[[[[[[[[[[[[[[([[)Z=[	IGHV3-74*00(124.7)	IGHD3-16*00(40)	IGHJ6*00(121.4)		322|370|393|0|48|SA322GSA323GST324CSA327NSA329NST331NSC332NST333NSA335NSA337N|108.0	53|61|111|56|64||40.0	37|68|83|67|98||155.0		region_not_covered	region_not_covered	region_not_covered	region_not_covered	region_not_covered	region_not_covered	region_not_covered	region_not_covered	region_not_covered	region_not_covered	TGTGCAAGTCCCCCCGTGGGGGAGGGGGGTATGGACGTCTGG	58	region_not_covered	region_not_covered	region_not_covered	region_not_covered	region_not_covered	region_not_covered	region_not_covered	CASPPVGEGGMDVW	region_not_covered	:::::::::40:-3:48:56:-16:-13:64:67:-17:82:::
18	8.0	0.0380952380952381	GGGGCAGTCTGNGNGNCGAGGACACGGCTGTGTATTACTGTGCAAAAGAGCCGGGGACCCAAAGAGAGGTCTGGGGCCAAGGGACCACGGTCACCGTCTCCTCA	AA[''[[[[[[![!)![[[[[*[*[[[[[[[-[[[[[*[[[[[[[[[[[[[[[[[[[[[[[[[[[[[[[[[[[[[[[[[[[[[+[[[[[[[[[[EE/EEEEAE/	IGHV3-74*00(141.8)	IGHD3-16*00(30)	IGHJ6*00(107.4)		324|373|393|0|49|ST324GSA326GSA327GSA335NSA337NSC339NSG369A|145.0	17|23|111|57|63||30.0	46|82|83|68|104||180.0		region_not_covered	region_not_covered	region_not_covered	region_not_covered	region_not_covered	region_not_covered	region_not_covered	region_not_covered	region_not_covered	region_not_covered	TGTGCAAAAGAGCCGGGGACCCAAAGAGAGGTCTGG	58	region_not_covered	region_not_covered	region_not_covered	region_not_covered	region_not_covered	region_not_covered	region_not_covered	CAKEPGTQREVW	region_not_covered	:::::::::38:0:49:57:20:-51:63:68:-26:74:::
23	7.0	0.03333333333333333	GGGCTCTGTGACCGNCNNNGACACGGCTNTGTATTACTGTGCGAGCGGAGTGGGAGCTACTGGCTACTGGGGCCAGGGAANCCTGGTCACCGTCTCCT	/AAAAAEEEEEE[[!'!!![[[[[[[[[![[[[[[[[+++++++++++++++++++++++++++++++++[[[[[[[[[[![[[[[[[+[[[,[[[[[	IGHV4-39*00(128.7)	IGHD1-26*00(65)	IGHJ4*00(141.7)		328|373|396|0|45|SA329GSC342NSG344NSC345NSA346NSG356N|149.0	25|38|60|48|61||65.0	30|65|68|63|98|SC47N|163.0		region_not_covered	region_not_covered	region_not_covered	region_not_covered	region_not_covered	region_not_covered	region_not_covered	region_not_covered	region_not_covered	region_not_covered	TGTGCGAGCGGAGTGGGAGCTACTGGCTACTGG	10	region_not_covered	region_not_covered	region_not_covered	region_not_covered	region_not_covered	region_not_covered	region_not_covered	CASGVGATGYW	region_not_covered	:::::::::37:-3:45:48:-5:-2:61:63:-10:70:::
30	6.0	0.02857142857142857	GGGGNNCAGCCTGAGAGCNGAGGACACGGCCGTATATTACTGTGCGAAAGGAACCTGGGATAACTGGTACTTCGATCTCTGGGGCCGTGGCACCCTGGTCACTGTCTCCT	[[[[!![[[[[[[[[[[[![[[[[[[[[[)[[[[[[[[[[[[[[[[[[[[[[[[[[[[[[[[[[[[[[[[[[[[[[[[[[[[[[[[[[[[[[[[[[[[[AEEAEEEEAEE	IGHV3-23*00(165.7)	IGHD2-15*00(29),IGHD2-2*00(29),IGHD2-8*00(29)	IGHJ2*00(157.5)		322|372|393|0|50|SA322GSA323GST324GSA326NSA327NSC340N|166.0	28|37|93|53|62|SA31G|29.0;28|37|93|53|62|SA31G|29.0;28|37|93|53|62|SA31G|29.0	22|70|73|62|110||240.0		region_not_covered	region_not_covered	region_not_covered	region_not_covered	region_not_covered	region_not_covered	region_not_covered	region_not_covered	region_not_covered	region_not_covered	TGTGCGAAAGGAACCTGGGATAACTGGTACTTCGATCTCTGG	58	region_not_covered	region_not_covered	region_not_covered	region_not_covered	region_not_covered	region_not_covered	region_not_covered	CAKGTWDNWYFDLW	region_not_covered	:::::::::40:-1:50:53:3:-25:62:62:-2:82:::
31	6.0	0.02857142857142857	GGNCCCTGTGGACACAGCCACGTATTACTGTGCACGGGAAAGGTATTACTATGATAGTAGTGGTTATTACTCTGACTACTGGGGCCAGGGAACCCTT	[[![[[(['[[[[[[[[[[[[[[[[['[[[[[[[[[[[[[[[[[[[[[[[[[[[[[[[[[[[[[[[[[[[[[[[[[[[[[[[[[[[[S[E<EEEEEE	IGHV2-70*00(128.8),IGHV2-70D*00(128.8)	IGHD3-22*00(125)	IGHJ4*00(78.8)		337|374|398|0|37|SA339N|173.0;365|374|398|28|37||45.0	31|56|93|42|67||125.0	22|52|68|67|97|ST26CSG51T|118.0		region_not_covered	region_not_covered	region_not_covered	region_not_covered	region_not_covered	region_not_covered	region_not_covered	region_not_covered	region_not_covered	region_not_covered	TGTGCACGGGAAAGGTATTACTATGATAGTAGTGGTTATTACTCTGACTACTGG	58	region_not_covered	region_not_covered	region_not_covered	region_not_covered	region_not_covered	region_not_covered	region_not_covered	CARERYYYDSSGYYSDYW	region_not_covered	:::::::::28:-4:37:42:0:-6:67:67:-2:82:::
32	6.0	0.02857142857142857	GGGGCAGTCTGNGNNCCGAGGNCACGGCTGTGTATTATTGTGCAAGTAACTGGATGGCTACAATTGTCTGGGGCCAGGGAACCCTGGTCACCGTCTCCTCAG	AAAAAEAEEEE![!![[[[['![[[[[[[[[[[[[[[[[[[[[[[[[[[[[[[[[[[[[[[[[[[[[[[[[[[[[[[[[[[[[[[[[[[)[[[[[[[EEEEA	IGHV3-74*00(83.7)	IGHD5-24*00(65)	IGHJ5*00(134.2),IGHJ4*00(133.2)		324|370|393|0|46|ST324GSA326GSA327GSA335NSA337NSG338NSA345NSC361T|118.0	25|38|60|52|65||65.0	36|71|71|67|102||175.0;33|37|68|67|71||20.0		region_not_covered	region_not_covered	region_not_covered	region_not_covered	region_not_covered	region_not_covered	region_not_covered	region_not_covered	region_not_covered	region_not_covered	TGTGCAAGTAACTGGATGGCTACAATTGTCTGG	58	GGCCAGGGAACCCTGGTCACCGTCTCCTCAG	8	region_not_covered	region_not_covered	region_not_covered	region_not_covered	region_not_covered	CASNWMATIVW	GQGTLVTVSS_	:::::::::38:-3:46:52:-5:-2:65:67:-16:71:102::
33	6.0	0.02857142857142857	GNGNGNCGAGGACACGGCTGTGTATTACTGTGCAAGAGCTTGTAGTGGTGGTAGCTGCTATGGCTACTGGGGCCAGGGAACCCTGGTCACCGT	A![![!'[[[[[[[[[[[[[[[[[[[[[[[[[[[[[[[[[[[[[[[[[[[[[[[[[[[[[[[[[[[[[[[[[[[[[[[[[[[[[[[[[[EEEE	IGHV3-74*00(102.2)	IGHD2-15*00(105)	IGHJ4*00(114.2)		334|372|393|0|38|SA335NSA337NSC339N|154.0	37|58|93|39|60||105.0	30|60|68|63|93||150.0		region_not_covered	region_not_covered	region_not_covered	region_not_covered	region_not_covered	region_not_covered	region_not_covered	region_not_covered	region_not_covered	region_not_covered	TGTGCAAGAGCTTGTAGTGGTGGTAGCTGCTATGGCTACTGG	58	region_not_covered	region_not_covered	region_not_covered	region_not_covered	region_not_covered	region_not_covered	region_not_covered	CARACSGGSCYGYW	region_not_covered	:::::::::28:-1:38:39:-6:-4:60:63:-10:70:::
43	5.0	0.023809523809523808	GGGTCTGAGGGNGCGGCCATGTATTACTGTGCGAGAGTTCCGCAAGATTGTGGTGGTGACTGCTTCCACCTTGACTACTGGGGCCAGGGGAC	AAAAAEEEEE(!'[[[[[[[[[[[[[[[[[[[[[[[[[[[[[[[[[[[[[[[[[[[[[[[[[[[[[[[[[[[[[[[[[[[[[[[[[[[[[[[	IGHV1OR21-1*00(55.8)	IGHD2-21*00(74)	IGHJ4*00(87.2)		335|372|393|0|37|SA335GSA337GSA345GSC346NSA347GST366C|93.0	33|51|84|46|64|ST46C|74.0	26|48|68|70|92|SA45G|94.0		region_not_covered	region_not_covered	region_not_covered	region_not_covered	region_not_covered	region_not_covered	region_not_covered	region_not_covered	region_not_covered	region_not_covered	TGTGCGAGAGTTCCGCAAGATTGTGGTGGTGACTGCTTCCACCTTGACTACTGG	58	region_not_covered	region_not_covered	region_not_covered	region_not_covered	region_not_covered	region_not_covered	region_not_covered	CARVPQDCGGDCFHLDYW	region_not_covered	:::::::::27:-1:37:46:-5:-5:64:70:-6:81:::
44	5.0	0.023809523809523808	GNGGACACGGCTGTTTATTACTGTGCGAGAGGGGGTCTAGGGTGGAGACGCGGCGGTTTTGATATCTGGGGCCAAGGGACAA	[![[[[[[[[[[[[[[[[[['(((((((((((((((((((((((((((((((((((((((((((((((([[[[[[[[[[[[[	IGHV4-34*00(117.5)	IGHD4-23*00(29),IGHD2-21*00(25),IGHD5-12*00(25)	IGHJ3*00(127.5)		338|370|390|0|32|SC339NSG352T|132.0	22|31|57|36|45|SC25G|29.0;38|43|84|40|45||25.0;23|28|69|41|46||25.0	26|52|70|56|82||130.0		region_not_covered	region_not_covered	region_not_covered	region_not_covered	region_not_covered	region_not_covered	region_not_covered	region_not_covered	region_not_covered	region_not_covered	TGTGCGAGAGGGGGTCTAGGGTGGAGACGCGGCGGTTTTGATATCTGG	7	region_not_covered	region_not_covered	region_not_covered	region_not_covered	region_not_covered	region_not_covered	region_not_covered	CARGGLGWRRGGFDIW	region_not_covered	:::::::::21:0:32:36:-3:-7:45:56:-6:69:::
45	5.0	0.023809523809523808	GGCAGCCGAGGACACGGCCGTATATTACTGTGCGAAAGCGCGCCTCATAGTGGTGGTAGCTGCTACTCTCGACTACTGGGGCCAGGGAACC	[[[[[['[[[[((([[[[[[[[[[[[[[[[[[[[[[[[[[[[[[[[[[[[[[[[[[[[[[[[[[[[[[[[[[[[[[[[[[[[[[[[[ZEEE	IGHV3-23*00(142)	IGHD2-15*00(105)	IGHJ4*00(75)		334|372|393|0|38|SA335GSG336C|158.0	40|61|93|47|68||105.0	28|49|68|70|91||105.0		region_not_covered	region_not_covered	region_not_covered	region_not_covered	region_not_covered	region_not_covered	region_not_covered	region_not_covered	region_not_covered	region_not_covered	TGTGCGAAAGCGCGCCTCATAGTGGTGGTAGCTGCTACTCTCGACTACTGG	58	region_not_covered	region_not_covered	region_not_covered	region_not_covered	region_not_covered	region_not_covered	region_not_covered	CAKARLIVVVAATLDYW	region_not_covered	:::::::::28:-1:38:47:-9:-1:68:70:-8:79:::
57	4.0	0.01904761904761905	GNGGACACGGCTGTGTATTACTGTGCGAGAGGGGCTCCGGACTTAGTGGTGGTAACTGCTCCATTTGACTACTGGGGCCACGG	[![[[[[[[[[[[[[[[[[[[''''''''''''''''''''''''''''''''''''''''''''''''''''''[[[[[[[J	IGHV4-34*00(142.3)	IGHD2-15*00(69)	IGHJ4*00(82.3)		338|370|390|0|32|SC339N|148.0	40|57|93|43|60|SG51A|69.0	25|45|68|63|83|SG42C|84.0		region_not_covered	region_not_covered	region_not_covered	region_not_covered	region_not_covered	region_not_covered	region_not_covered	region_not_covered	region_not_covered	region_not_covered	TGTGCGAGAGGGGCTCCGGACTTAGTGGTGGTAACTGCTCCATTTGACTACTGG	6	region_not_covered	region_not_covered	region_not_covered	region_not_covered	region_not_covered	region_not_covered	region_not_covered	CARGAPDLVVVTAPFDYW	region_not_covered	:::::::::21:0:32:43:-9:-5:60:63:-5:75:::
58	4.0	0.01904761904761905	GGGGACNGNGAGCCGAGGACACGGCTGTCTACTACTGTGCGAGAGATGGGGACTCAGACGAGCCTCTTGACTACTGGGGCCAGGGAAC	AAAAAE![![[[[[[[[[[[[[[[[[[[[[[[[[[[[[[[[[[[[[[[[[[[[[[[[[[[[[[[[[[[[[[[[[[[[[[[[[[[[[[[	IGHV3-21*00(140.5),IGHV3-33*00(140.5),IGHV3-7*00(140.5)	IGHD6-6*00(35)	IGHJ4*00(103.8)		327|374|393|0|47|SA327GSC328GSA329GSC331AST333NSA335NSG355CST358C|115.0;362|374|393|35|47||60.0;362|374|393|35|47||60.0	1|8|54|56|63||35.0	26|48|68|66|88||110.0		region_not_covered	region_not_covered	region_not_covered	region_not_covered	region_not_covered	region_not_covered	region_not_covered	region_not_covered	region_not_covered	region_not_covered	TGTGCGAGAGATGGGGACTCAGACGAGCCTCTTGACTACTGG	58	region_not_covered	region_not_covered	region_not_covered	region_not_covered	region_not_covered	region_not_covered	region_not_covered	CARDGDSDEPLDYW	region_not_covered	:::::::::35:1:47:56:17:-28:63:66:-6:77:::
59	4.0	0.01904761904761905	GGGGCCNACGACACGGCTGTCTATTTCTGTGCAAGAGCTTGTAGTGGTGGCAGTTGCCATGGCTACTGGGGCCAGGGAACCCTGGTCACCG	AAA[[[![[[[[V[[[[[[[[[[[[[[[[[[[[[[[[[[[[[[[[[[[[[[[[[[[[[[[[[[[[[[[[[[[[[[[[[[[[[[[[[AEEEE	IGHV3-74*00(50.3)	IGHD2-15*00(63)	IGHJ4*00(120)		335|372|393|0|37|SA335GSA337GSG341NSG343CSG355CSA360T|93.0	37|56|93|38|57|ST49CSC52T|63.0	30|59|68|62|91||145.0		region_not_covered	region_not_covered	region_not_covered	region_not_covered	region_not_covered	region_not_covered	region_not_covered	region_not_covered	region_not_covered	region_not_covered	TGTGCAAGAGCTTGTAGTGGTGGCAGTTGCCATGGCTACTGG	58	region_not_covered	region_not_covered	region_not_covered	region_not_covered	region_not_covered	region_not_covered	region_not_covered	CARACSGGSCHGYW	region_not_covered	:::::::::27:-1:37:38:-6:-6:57:62:-10:69:::
60	4.0	0.01904761904761905	GNNNAGGACACGGCTGTCTATTANTGTGCAAGAGGCGGTGGGAGCTACGGCAGGGCCGACTTTGACTACTGGGGCCGGGGAANCCTGGT	[!!![[[[[[[[[[[[[[[[[[[![[[[[[[[[[[[[[[[[[[[[[[[[[[[[[[[[[[[[[[[[[[[[[[[[[[['[[[[[!EEEEEE	IGHV3-74*00(91.8)	IGHD1-26*00(55)	IGHJ4*00(108.5)		338|372|393|0|34|SC339NSC340NSG341NSG355CSC361N|106.0	26|37|60|37|48||55.0	23|54|68|58|89|SA41GSC47N|127.0		region_not_covered	region_not_covered	region_not_covered	region_not_covered	region_not_covered	region_not_covered	region_not_covered	region_not_covered	region_not_covered	region_not_covered	TGTGCAAGAGGCGGTGGGAGCTACGGCAGGGCCGACTTTGACTACTGG	58	region_not_covered	region_not_covered	region_not_covered	region_not_covered	region_not_covered	region_not_covered	region_not_covered	CARGGGSYGRADFDYW	region_not_covered	:::::::::24:-1:34:37:-6:-3:48:58:-3:72:::
92	3.0	0.014285714285714285	GGGGATCTGAGGACACGGCCATATTTTACTGTGCGAGAGTTTCGCAAGAATGTGGTGGTGACTGCTTCCACTTTGACTACTGGGGCCAGGGAACCCTGG	AAAAAEEE[[[[[[[SS[[[[[[Z[[[[[&&&&&&&&&&&&&&&&&&&&&&&&&&&&&&&&&&&&&&&&&&&&&&&&&&&&&&[S[[[SS[EEEEEEEE	IGHV1-8*00(58.5),IGHV1-46*00(57.5),IGHV1-69*00(57.5),IGHV1OR21-1*00(57.5)	IGHD2-21*00(64)	IGHJ4*00(110)		333|372|393|0|39|ST333GSA335GSG353ASG355ASA357T|115.0;362|372|393|29|39||50.0;362|372|393|29|39||50.0;362|372|393|29|39|ST366C|34.0	35|51|84|50|66|ST46C|64.0	23|53|68|69|99||150.0		region_not_covered	region_not_covered	region_not_covered	region_not_covered	region_not_covered	region_not_covered	region_not_covered	region_not_covered	region_not_covered	region_not_covered	TGTGCGAGAGTTTCGCAAGAATGTGGTGGTGACTGCTTCCACTTTGACTACTGG	5	region_not_covered	region_not_covered	region_not_covered	region_not_covered	region_not_covered	region_not_covered	region_not_covered	CARVSQECGGDCFHFDYW	region_not_covered	:::::::::29:-1:39:50:-7:-5:66:69:-3:83:::
93	3.0	0.014285714285714285	GNGGCAGACACGGCCGTATATTACTGTGCGAGAGCTGACACCTATGGGTATGATGAATTTGACTACTGGGGCCAGGGAACC	A![[[[[[[[[[[[[[[S[[[[[[[[[[[[[[[[[[[[[[[[[[[[[[[[[[[[[[[[[[[[[[[[[[[[[[[[[[[[[[[	IGHV3-23*00(64.3)	IGHD5-5*00(34),IGHD6-25*00(30),IGHD6-6*00(30)	IGHJ4*00(120)		338|369|393|0|31|SC339NSC340GSA342CSG343A|95.0	26|36|60|37|47|SG29C|34.0;18|24|54|45|51||30.0;4|10|54|31|37||30.0	25|49|68|57|81||120.0		region_not_covered	region_not_covered	region_not_covered	region_not_covered	region_not_covered	region_not_covered	region_not_covered	region_not_covered	region_not_covered	region_not_covered	TGTGCGAGAGCTGACACCTATGGGTATGATGAATTTGACTACTGG	58	region_not_covered	region_not_covered	region_not_covered	region_not_covered	region_not_covered	region_not_covered	region_not_covered	CARADTYGYDEFDYW	region_not_covered	:::::::::24:-4:31:37:-6:-4:47:57:-5:69:::
94	3.0	0.014285714285714285	GGNNGACACGGCTGTGTATTACTGTGCGAGAGGGGCTCCAGACTTAGTGGTAATAACTGCTCCATTTGACTACTGGGGCCACGG	A[!![[[[[[[[[[[[[[[[[[&&&&&&&&&&&&&&&&&&&&&&&&&&&&&&&&&&&&&&&&&&&&&&&&&&&&&&[[[[[[[[	IGHV4-34*00(128)	IGHD3-10*00(40),IGHD3-22*00(40),IGHD3-3*00(38)	IGHJ4*00(84.5)		337|370|390|0|33|SC337GSC339NSG340N|125.0	4|12|93|50|58||40.0;3|11|93|49|57||40.0;4|18|93|50|64|SC11TSA12G|38.0	25|45|68|64|84|SG42C|84.0		region_not_covered	region_not_covered	region_not_covered	region_not_covered	region_not_covered	region_not_covered	region_not_covered	region_not_covered	region_not_covered	region_not_covered	TGTGCGAGAGGGGCTCCAGACTTAGTGGTAATAACTGCTCCATTTGACTACTGG	5	region_not_covered	region_not_covered	region_not_covered	region_not_covered	region_not_covered	region_not_covered	region_not_covered	CARGAPDLVVITAPFDYW	region_not_covered	:::::::::22:0:33:50:27:-50:58:64:-5:76:::
95	3.0	0.014285714285714285	GGCCTGAAGACACGNCTGTGTATTACTGTGCGAGAGGAAGGGAGCAGTGGCTGGGACGGGTCCCTTTTGACTACTGGGGCCAGGGAA	AAAAA[[[[[[[[[![[[[[[[[[[[XXXXXXXXXXXXXXXXXXXXXXXXXXXXXXXXXXXXXXXXXXXXXXXXXXX[[[[[[[[[[	IGHV1-3*00(95.7)	IGHD6-19*00(64)	IGHJ4*00(103.3)		336|372|393|0|36|SA337GST338CSG350N|136.0	27|43|63|42|58|ST39G|64.0	25|47|68|65|87||110.0		region_not_covered	region_not_covered	region_not_covered	region_not_covered	region_not_covered	region_not_covered	region_not_covered	region_not_covered	region_not_covered	region_not_covered	TGTGCGAGAGGAAGGGAGCAGTGGCTGGGACGGGTCCCTTTTGACTACTGG	55	region_not_covered	region_not_covered	region_not_covered	region_not_covered	region_not_covered	region_not_covered	region_not_covered	CARGREQWLGRVPFDYW	region_not_covered	:::::::::26:-1:36:42:-6:1:58:65:-5:77:::
96	3.0	0.014285714285714285	GGCCTNNGATCTGAGGACACGGCCATATATTACTGTGCGAGAGAGAAGGAGTTATCAGTCGGGGGCATTGACTACTGGGGCCAGGGA	[[[[[!![[[[[[[[[[[[[[[[[[[[[[[[[[XXXXXXXXXXXXXXXXXXXXXXXXXXXXXXXXXXXXXXXXXXXXX[[[[[EAA<	IGHV1-69*00(157.7),IGHV1-46*00(156.7)	IGHD3-16*00(45),IGHD3-10*00(40)	IGHJ4*00(86.7)		329|373|393|0|44|SA329GSG334NSA335NSG353ASG355A|148.0;362|373|393|33|44||55.0	57|66|111|47|56||45.0;48|56|93|47|55||40.0	26|46|68|67|87||100.0		region_not_covered	region_not_covered	region_not_covered	region_not_covered	region_not_covered	region_not_covered	region_not_covered	region_not_covered	region_not_covered	region_not_covered	TGTGCGAGAGAGAAGGAGTTATCAGTCGGGGGCATTGACTACTGG	55	region_not_covered	region_not_covered	region_not_covered	region_not_covered	region_not_covered	region_not_covered	region_not_covered	CAREKELSVGGIDYW	region_not_covered	:::::::::33:0:44:47:-20:-8:56:67:-6:78:::
97	3.0	0.014285714285714285	CGGACAGCCACATATTACTGTGCACGAATAGACGGCACCAGCTGGTTTGAACCCCAAACTGTCTACTACTTTGACTTCTGGGG	[[[[[[[[[[[[[[[[[[[[[[[[[[[[[[[[[[[[[[[[[[[[[[[[[[[[[[[[[[[[[[[[[[[[[[[[[[[[[[[[[[[	IGHV2-26*00(86)	IGHD6-13*00(44),IGHD2-2*00(40)	IGHJ4*00(84)		347|377|398|0|30|SG347CSA348GSC349GSG373A|86.0	28|40|63|34|46|SG31C|44.0;7|15|93|38|46||40.0	19|39|68|63|83|SA32T|84.0		region_not_covered	region_not_covered	region_not_covered	region_not_covered	region_not_covered	region_not_covered	region_not_covered	region_not_covered	region_not_covered	region_not_covered	TGTGCACGAATAGACGGCACCAGCTGGTTTGAACCCCAAACTGTCTACTACTTTGACTTCTGG	58	region_not_covered	region_not_covered	region_not_covered	region_not_covered	region_not_covered	region_not_covered	region_not_covered	CARIDGTSWFEPQTVYYFDFW	region_not_covered	:::::::::18:-1:30:34:-7:-2:46:63:1:81:::
98	3.0	0.014285714285714285	GGGGNNGTCTGAGAGCCGAGGACACGGCTGTGTATTATTGTGCAAGTAGCTGGATGGCTACAATTGTCTGGGGCCAGGGAACCCTGG	AAAA!![[[[[[[[[[[[[[[[[[[[[[[[[[[[[[[[[[[[[[[[[[[[[[[[[[[[[[[[[[[[[[[[[[[[[[[[[[[[[[[[[	IGHV3-74*00(163.3)	IGHD5-24*00(65)	IGHJ5*00(92.7),IGHJ4*00(91.7)		324|370|393|0|46|ST324GSA326GSA327GSC328NSA329NSC361T|142.0	25|38|60|52|65||65.0	36|56|71|67|87||100.0;33|37|68|67|71||20.0		region_not_covered	region_not_covered	region_not_covered	region_not_covered	region_not_covered	region_not_covered	region_not_covered	region_not_covered	region_not_covered	region_not_covered	TGTGCAAGTAGCTGGATGGCTACAATTGTCTGG	58	region_not_covered	region_not_covered	region_not_covered	region_not_covered	region_not_covered	region_not_covered	region_not_covered	CASSWMATIVW	region_not_covered	:::::::::38:-3:46:52:-5:-2:65:67:-16:71:::
99	3.0	0.014285714285714285	GGGNGAGGACACGGCTATTTATTACTGTGCAAGAGATCACGGGCTGGGATATGATGCTTTGGATATCTGGGGCAAAGGGACAATG	AA[![Z[[[[[[[[[[[[[[[[[[[[[[[[[[[[[[[[[[[[[[[[[[[[[[[[[[[[[[[[[[[[[[[[[[[[[[[[[[[[[EA	IGHV3-74*00(80.7)	IGHD6-19*00(30)	IGHJ3*00(136.3)		337|375|393|0|38|SA337GSC339GSC340NSG353ASG355T|114.0	33|39|63|41|47||30.0	19|54|70|50|85|ST29GSC42A|143.0		region_not_covered	region_not_covered	region_not_covered	region_not_covered	region_not_covered	region_not_covered	region_not_covered	region_not_covered	region_not_covered	region_not_covered	TGTGCAAGAGATCACGGGCTGGGATATGATGCTTTGGATATCTGG	58	region_not_covered	region_not_covered	region_not_covered	region_not_covered	region_not_covered	region_not_covered	region_not_covered	CARDHGLGYDALDIW	region_not_covered	:::::::::25:2:38:41:-12:-3:47:50:1:70:::
148	2.0	0.009523809523809525	GGGCAGACACGGCTGTGTATTACTGTGCGAGAGTTCCCTATAGCAGTGGCTGGTTGAACTCCTGGTACTTCGATCTCTGGGG	[[[[[[S[[[[[[[[[[[[[[[[VVVVVVVVVVVVVVVVVVVVVVVVVVVVVVVVVVVVVVVVVVVVVVVVVVVVVVVVV[[	IGHV4-39*00(128)	IGHD6-19*00(80)	IGHJ2*00(105)		342|374|396|0|32|SC342GSC343G|128.0	24|40|63|38|54||80.0	23|44|73|61|82||105.0		region_not_covered	region_not_covered	region_not_covered	region_not_covered	region_not_covered	region_not_covered	region_not_covered	region_not_covered	region_not_covered	region_not_covered	TGTGCGAGAGTTCCCTATAGCAGTGGCTGGTTGAACTCCTGGTACTTCGATCTCTGG	53	region_not_covered	region_not_covered	region_not_covered	region_not_covered	region_not_covered	region_not_covered	region_not_covered	CARVPYSSGWLNSWYFDLW	region_not_covered	:::::::::23:-2:32:38:-3:-2:54:61:-3:80:::
149	2.0	0.009523809523809525	GGGGACACGGGCATATATTACTGTGCGAGAGGTGCCAGTAACTCCGATCGCTACTTCTATCACGGTATGGACGTCTGGGGCCA	[[[[[[[[[[[[[[[[[[[[[JJJJJJJJJJJJJJJJJJJJJJJJJJJJJJJJJJJJJJJJJJJJJJJJJJJJJJJJJ[[[[S	IGHV1-8*00(96)	IGHD4-23*00(45),IGHD4-11*00(40),IGHD4-4*00(40)	IGHJ6*00(117)		341|373|393|0|32|SA342GSC351GSG353ASG355A|96.0	30|39|57|37|46||45.0;22|30|48|35|43||40.0;22|30|48|35|43||40.0	24|57|83|50|83|SA29TSC33TST34C|117.0		region_not_covered	region_not_covered	region_not_covered	region_not_covered	region_not_covered	region_not_covered	region_not_covered	region_not_covered	region_not_covered	region_not_covered	TGTGCGAGAGGTGCCAGTAACTCCGATCGCTACTTCTATCACGGTATGGACGTCTGG	41	region_not_covered	region_not_covered	region_not_covered	region_not_covered	region_not_covered	region_not_covered	region_not_covered	CARGASNSDRYFYHGMDVW	region_not_covered	:::::::::21:0:32:37:-11:1:46:50:-4:78:::
150	2.0	0.009523809523809525	GGCGAGGACACGGCTGTGTATTACTGTGCGAGAGGGGCTCCGGACTTAGTGGTGGAAGCTGCTTCATTTGACTACTGGGGCCNCGG	AAAAAEEEEEEEEEEEEEEEEEEESSSSSSSSSSSSSSSSSSSSSSSSSSSSSSSSSSSSSSSSSSSSSSSSSSSSSS[[Z[!EA<	IGHV3-21*00(77),IGHV3-33*00(77),IGHV3-48*00(77),IGHV3-7*00(77)	IGHD2-15*00(69)	IGHJ4*00(76.5)		338|372|393|0|34|SC339G|154.0;362|372|393|24|34||50.0;362|372|393|24|34||50.0;362|372|393|24|34||50.0	40|57|93|46|63|ST49A|69.0	25|45|68|66|86|SA41NSG42C|72.0		region_not_covered	region_not_covered	region_not_covered	region_not_covered	region_not_covered	region_not_covered	region_not_covered	region_not_covered	region_not_covered	region_not_covered	TGTGCGAGAGGGGCTCCGGACTTAGTGGTGGAAGCTGCTTCATTTGACTACTGG	50	region_not_covered	region_not_covered	region_not_covered	region_not_covered	region_not_covered	region_not_covered	region_not_covered	CARGAPDLVVEAASFDYW	region_not_covered	:::::::::24:-1:34:46:-9:-5:63:66:-5:78:::
151	2.0	0.009523809523809525	GNNGACACGGCTGTTTACTACTGTGCGAGAGGGGGTCTAGGGTGGAGACGCGGCGGTTTTGATATGTGGGGCCAAGGGACAAT	[!![=[Z[[[[[[[[[[[[[[JJJJJJJJJJJJJJJJJJJJJJJJJJJJJJJJJJJJJJJJJJJJJJJJ[[[[[[[[[=[[[/	IGHV4-34*00(101.5)	IGHD4-23*00(29),IGHD2-21*00(25),IGHD5-12*00(25)	IGHJ3*00(116.5)		338|370|390|0|32|SC339NSG340NSG352TST355C|104.0	22|31|57|36|45|SC25G|29.0;38|43|84|40|45||25.0;23|28|69|41|46||25.0	26|53|70|56|83|SC35G|119.0		region_not_covered	region_not_covered	region_not_covered	region_not_covered	region_not_covered	region_not_covered	region_not_covered	region_not_covered	region_not_covered	region_not_covered	TGTGCGAGAGGGGGTCTAGGGTGGAGACGCGGCGGTTTTGATATGTGG	41	region_not_covered	region_not_covered	region_not_covered	region_not_covered	region_not_covered	region_not_covered	region_not_covered	CARGGLGWRRGGFDMW	region_not_covered	:::::::::21:0:32:36:-3:-7:45:56:-6:69:::
152	2.0	0.009523809523809525	GGCCGAGGACACGGCTGTGTATTACTGTGCGAGAGATTTGGAAGCTCGCTACTTCTACTACTACGGTATGGACGTCTGGGGC	[[[[O[[[[[[[[[[[[[[[[[[[[SSSSSSSSSSSSSSSSSSSSSSSSSSSSSSSSSSSSSSSSSSSSSSSSSSSSSS[[[	IGHV3-21*00(169),IGHV3-33*00(169),IGHV3-7*00(169)	IGHD6-6*00(30)	IGHJ6*00(149)		337|374|393|0|37|SA337G|169.0;362|374|393|25|37||60.0;362|374|393|25|37||60.0	27|33|54|42|48||30.0	22|55|83|49|82|SA26T|149.0		region_not_covered	region_not_covered	region_not_covered	region_not_covered	region_not_covered	region_not_covered	region_not_covered	region_not_covered	region_not_covered	region_not_covered	TGTGCGAGAGATTTGGAAGCTCGCTACTTCTACTACTACGGTATGGACGTCTGG	50	region_not_covered	region_not_covered	region_not_covered	region_not_covered	region_not_covered	region_not_covered	region_not_covered	CARDLEARYFYYYGMDVW	region_not_covered	:::::::::25:1:37:42:-9:-3:48:49:-2:79:::
153	2.0	0.009523809523809525	GGGNCTGTGACCGCNGCGGACACGGCCTTATATTACTGTGCGAGAGATGGTATGAACTATGATGCTTTTGATATCTGGNGCCAA	A[[![[[[S=[[S[![[[SS[[[[[[[S[[S[[[Z[OOOOOOOOOOOOOOOOOOOOOOOOOOOOOOOOOOOOOOOOOO![[[SE	IGHV4-61*00(166.5),IGHV4-59*00(165.5)	IGHD1-14*00(25),IGHD1-26*00(25),IGHD6-25*00(25)	IGHJ3*00(119.5)		329|377|396|0|48|SA329GSC331GST332NST343NSG356TSG358A|152.0;359|371|390|36|48||60.0	17|22|51|48|53||25.0;20|25|60|48|53||25.0;19|24|54|48|53||25.0	19|45|70|58|84|SG39N|118.0		region_not_covered	region_not_covered	region_not_covered	region_not_covered	region_not_covered	region_not_covered	region_not_covered	region_not_covered	region_not_covered	region_not_covered	TGTGCGAGAGATGGTATGAACTATGATGCTTTTGATATCTGG	46	region_not_covered	region_not_covered	region_not_covered	region_not_covered	region_not_covered	region_not_covered	region_not_covered	CARDGMNYDAFDIW	region_not_covered	:::::::::36:1:48:48:0:-12:53:58:1:78:::
154	2.0	0.009523809523809525	GGGAGGACACGGCTGTTTATTACTGTGCGAGAGATGGGCGGGAGATCCGGTATGCTTTTGATATCTGGGGCCAAGGGACAATG	[[[[[[V[[[[[[[S[[[[[[[[QQQQQQQQQQQQQQQQQQQQQQQQQQQQQQQQQQQQQQQQQQQQQ[[[[[[[[[[[[[[[	IGHV3-66*00(128),IGHV3-48*00(127),IGHV3-7*00(127)	IGHD1-14*00(30)	IGHJ3*00(160)		336|371|390|0|35|SC336GST337GSG352T|127.0;362|374|393|23|35||60.0;362|374|393|23|35||60.0	5|11|51|45|51||30.0	22|54|70|51|83||160.0		region_not_covered	region_not_covered	region_not_covered	region_not_covered	region_not_covered	region_not_covered	region_not_covered	region_not_covered	region_not_covered	region_not_covered	TGTGCGAGAGATGGGCGGGAGATCCGGTATGCTTTTGATATCTGG	48	region_not_covered	region_not_covered	region_not_covered	region_not_covered	region_not_covered	region_not_covered	region_not_covered	CARDGREIRYAFDIW	region_not_covered	:::::::::23:1:35:45:12:-23:51:51:-2:68:::
155	2.0	0.009523809523809525	GGGGAGGACACGGCTGTGTATTACTGTGCGAGAGATATGGTACAGCCGAACTACTACTATTACATGGACGTCTGGGGCAAAGG	[[[[[[[[[[[[[[[[[[[[[[[[SSSSSSSSSSSSSSSSSSSSSSSSSSSSSSSSSSSSSSSSSSSSSSSSSSS[S[[[[[[	IGHV3-30-3*00(148),IGHV3-33*00(148),IGHV3-48*00(148),IGHV3-66*00(148),IGHV3-7*00(148)	IGHD1-1*00(30),IGHD6-13*00(30),IGHD6-19*00(30)	IGHJ6*00(90)		338|374|393|0|36|SC339GST340G|148.0;362|374|393|24|36||60.0;362|374|393|24|36||60.0;359|371|390|24|36||60.0;362|374|393|24|36||60.0	17|23|51|38|44||30.0;36|42|63|37|43||30.0;36|42|63|37|43||30.0	26|60|83|49|83|SC36TSG37TSG38AST39CSC55A|90.0		region_not_covered	region_not_covered	region_not_covered	region_not_covered	region_not_covered	region_not_covered	region_not_covered	region_not_covered	region_not_covered	region_not_covered	TGTGCGAGAGATATGGTACAGCCGAACTACTACTATTACATGGACGTCTGG	50	region_not_covered	region_not_covered	region_not_covered	region_not_covered	region_not_covered	region_not_covered	region_not_covered	CARDMVQPNYYYYMDVW	region_not_covered	:::::::::24:1:36:38:0:-11:44:49:-6:75:::
156	2.0	0.009523809523809525	GGGGGCCTGAGATCTGAGGACACGGCCGTGGATTTCTGTGCGAGAGACCGGGGGTTACGGTATGATGCTTTTGATATCTGGGGCCAAGGGACAATGGTCACCGTCTCTG	AAA/A/E/EEEEEEEEEEEEEEEEEEAEAE//A<//SSSSSSSSSSSSSSSSSSSSSSSSSSSSSSSSSSSSSSSSSSSSS[[EEEEEEEEEEEEEEEE<EEEEEEE<A	IGHV1-18*00(77.5),IGHV1-46*00(77.5),IGHV1-69*00(77.5)	IGHD5-5*00(35),IGHD4-17*00(30),IGHD4-23*00(30)	IGHJ3*00(167)		326|373|393|0|47|SA326GSA329GSC343GST356GSA360T|155.0;362|373|393|36|47||55.0;362|373|393|36|47||55.0	34|41|60|52|59||35.0;20|26|48|55|61||30.0;23|29|57|55|61||30.0	19|67|70|61|109|ST66G|224.0		region_not_covered	region_not_covered	region_not_covered	region_not_covered	region_not_covered	region_not_covered	region_not_covered	region_not_covered	region_not_covered	region_not_covered	TGTGCGAGAGACCGGGGGTTACGGTATGATGCTTTTGATATCTGG	50	region_not_covered	region_not_covered	region_not_covered	region_not_covered	region_not_covered	region_not_covered	region_not_covered	CARDRGLRYDAFDIW	region_not_covered	:::::::::36:0:47:52:-14:1:59:61:1:81:::
157	2.0	0.009523809523809525	GGGACACGGCTGTATACTACTGTGCGAGAGAGAGGGGTTTTTGTGATGGTGAGAGTTGCTACTACTTTGCCTACTGGGGCCAG	AA/AAEEEEEEE/EEEE6EEJJJJJJJJJJJJJJJJJJJJJJJJJJJJJJJJJJJJJJJJJJJJJJJJJJJJJJJJJ[[[[[[	IGHV3-30-3*00(54.5),IGHV3-13*00(53.5),IGHV3-33*00(53.5),IGHV3-48*00(53.5),IGHV3-66*00(53.5),IGHV3-7*00(53.5)	IGHD2-21*00(44)	IGHJ4*00(104)		342|373|393|0|31|SA342GSG355AST358C|107.0;359|370|390|20|31|SA364G|39.0;362|373|393|20|31||55.0;362|373|393|20|31||55.0;359|370|390|20|31||55.0;362|373|393|20|31||55.0	34|46|84|40|52|SG39A|44.0	19|43|68|59|83|SA29C|104.0		region_not_covered	region_not_covered	region_not_covered	region_not_covered	region_not_covered	region_not_covered	region_not_covered	region_not_covered	region_not_covered	region_not_covered	TGTGCGAGAGAGAGGGGTTTTTGTGATGGTGAGAGTTGCTACTACTTTGCCTACTGG	41	region_not_covered	region_not_covered	region_not_covered	region_not_covered	region_not_covered	region_not_covered	region_not_covered	CARERGFCDGESCYYFAYW	region_not_covered	:::::::::20:0:31:40:-6:-10:52:59:1:77:::
158	2.0	0.009523809523809525	GGGATCTGAGGACACGGCCATATATTACTGTGCGAAGGGGCCGGGGAGTTTTGACTACTGGGGCCAGGGAACCCAGGTCACCG	[[[[[[[[[[[[[[[[[[[[[[[[[[[[SSSSSSSSSSSSSSSSSSSSSSSSSSSSSSSSS[[[[[[[[SS[[[[[[[[S[[S	IGHV1-8*00(128),IGHV1-46*00(127),IGHV1-69*00(127)	IGHD3-16*00(35),IGHD3-10*00(30)	IGHJ4*00(154)		334|369|393|0|35|SA335GSG353ASG355A|127.0;362|369|393|28|35||35.0;362|369|393|28|35||35.0	55|62|111|42|49||35.0;47|53|93|43|49||30.0	25|59|68|49|83|ST50A|154.0		region_not_covered	region_not_covered	region_not_covered	region_not_covered	region_not_covered	region_not_covered	region_not_covered	region_not_covered	region_not_covered	region_not_covered	TGTGCGAAGGGGCCGGGGAGTTTTGACTACTGG	50	region_not_covered	region_not_covered	region_not_covered	region_not_covered	region_not_covered	region_not_covered	region_not_covered	CAKGPGSFDYW	region_not_covered	:::::::::28:-4:35:42:-18:-12:49:49:-5:61:::
159	2.0	0.009523809523809525	GGCAGCCTGAGAGACGAAGACACGGCCGTATATTACTGTGCGAAACGAGGAGGTGACTACTGGGGCCAGGGAACCCTGGTCA	[[[[[[[[[[[[[[[[[[[[[Z[[[[[[[[[[[[[[[[[[[[[[[[[[[[[[[[[[[[[[[[[[[[[[[[[[O[[[[[[[[O	IGHV3-23*00(161)		IGHJ4*00(145)		326|371|393|0|45|SA326GSA327GSC339ASG343A|161.0		27|56|68|53|82||145.0		region_not_covered	region_not_covered	region_not_covered	region_not_covered	region_not_covered	region_not_covered	region_not_covered	region_not_covered	region_not_covered	region_not_covered	TGTGCGAAACGAGGAGGTGACTACTGG	58	region_not_covered	region_not_covered	region_not_covered	region_not_covered	region_not_covered	region_not_covered	region_not_covered	CAKRGGDYW	region_not_covered	:::::::::36:-2:45:::::53:-7:63:::
160	2.0	0.009523809523809525	GGGGAGAGCTGAGGACACGGCTGTATATTACTGTGCGAAAGGTCTAATACAACCTCGGGCCTGGTTCGACCCCTGGGGCCAGG	[[[[[[SS[S[SS[[[[[S[SSS[[[[SS[SSSSSSSSSSSSSSSSSSSSSSSSSSSSSSSSSSSSSSSSSSSSSS[SZZ[[[	IGHV3-30*00(145)	IGHD1-1*00(30)	IGHJ5*00(115)		331|376|393|0|45|SC331GSC332GST333GSG355ASA372G|145.0	19|25|51|47|53||30.0	24|47|71|60|83||115.0		region_not_covered	region_not_covered	region_not_covered	region_not_covered	region_not_covered	region_not_covered	region_not_covered	region_not_covered	region_not_covered	region_not_covered	TGTGCGAAAGGTCTAATACAACCTCGGGCCTGGTTCGACCCCTGG	50	region_not_covered	region_not_covered	region_not_covered	region_not_covered	region_not_covered	region_not_covered	region_not_covered	CAKGLIQPRAWFDPW	region_not_covered	:::::::::31:3:45:47:-2:-9:53:60:-4:76:::
161	2.0	0.009523809523809525	CGCCGGCCGTATATTACTGTGCGAAAGATCGCCTTATACCAGTGACTGGTACGTTGGACTACTGGGGCCAGGGAACCCTGGT	[[[[[[[[[[[[[[[[[SSSSSSSSSSSSSSSSSSSSSSSSSSSSSSSSSSSSSSSSSSSSSSSS[[[[[[[[[[[[[[[[[	IGHV3-23*00(108)	IGHD6-19*00(68)	IGHJ4*00(130)		346|375|393|0|30|I347GSA347C|108.0	24|44|63|34|54|SG28CSG34A|68.0	28|54|68|56|82||130.0		region_not_covered	region_not_covered	region_not_covered	region_not_covered	region_not_covered	region_not_covered	region_not_covered	region_not_covered	region_not_covered	region_not_covered	TGTGCGAAAGATCGCCTTATACCAGTGACTGGTACGTTGGACTACTGG	50	region_not_covered	region_not_covered	region_not_covered	region_not_covered	region_not_covered	region_not_covered	region_not_covered	CAKDRLIPVTGTLDYW	region_not_covered	:::::::::17:2:30:34:-3:2:54:56:-8:65:::
166	2.0	0.009523809523809525	GGGTGAGAGCCGAGGACACGGCTGNGTATTACTGTGCAAGTCCCCCCGTGGGGGAGGGGGGTGTGGACGTCTGGGGCCAAGGG	[[[[[S[[[[[[S[[ZS[[Z[[[[![S[[[[[SSSSSSSSSSSSSSSSSSSSSSSSSSSSSSSSSSSSSSSSSSS[[[O[S[[	IGHV3-74*00(160)	IGHD3-16*00(40)	IGHJ6*00(104)		330|370|393|0|40|ST331GSC332GST354N|156.0	53|61|111|48|56||40.0	37|61|83|59|83|SA40G|104.0		region_not_covered	region_not_covered	region_not_covered	region_not_covered	region_not_covered	region_not_covered	region_not_covered	region_not_covered	region_not_covered	region_not_covered	TGTGCAAGTCCCCCCGTGGGGGAGGGGGGTGTGGACGTCTGG	50	region_not_covered	region_not_covered	region_not_covered	region_not_covered	region_not_covered	region_not_covered	region_not_covered	CASPPVGEGGVDVW	region_not_covered	:::::::::32:-3:40:48:-16:-13:56:59:-17:74:::
167	2.0	0.009523809523809525	CCCCAGTCTGAGAGCCGAGGNNNCGGCTGTCTATTACTGTGCAAGTAATTATGATAGTAGTACTTGGTGGGGCCAGGGAACCCAGGTCACCGTCTCCTCAGC	AAAAAEEEEEEEEEEEEEEE!!![[[[[[[[[[[[[[[[[[[[[[[[[[[[[[[[[[[[[[[[[[[[[[[[[[[[[[[[D[[EEEEEEEEEEEEEEEAEAEE	IGHV3-74*00(111)	IGHD3-22*00(60)	IGHJ5*00(115.5),IGHJ4*00(114.5)		325|370|393|0|45|SG325CSA326CSA327CSA345NSC346NSA347NSG355C|125.0	38|50|93|49|61||60.0	37|71|71|67|101|ST53A|154.0;34|37|68|67|70||15.0		region_not_covered	region_not_covered	region_not_covered	region_not_covered	region_not_covered	region_not_covered	region_not_covered	region_not_covered	region_not_covered	region_not_covered	TGTGCAAGTAATTATGATAGTAGTACTTGGTGG	58	GGCCAGGGAACCCAGGTCACCGTCTCCTCAG	32	region_not_covered	region_not_covered	region_not_covered	region_not_covered	region_not_covered	CASNYDSSTWW	GQGTQVTVSS_	:::::::::37:-3:45:49:-7:-12:61:67:-17:70:101::
168	2.0	0.009523809523809525	GGCAGGACACGGCTGTGTATTACTGTGCAAGAGCTTGTAGTGGCGGTACCTGCGATGGCTATTGGGGCCAGGGAACCCTGGT	[[[[[[[[[[[[[[[[[[[[[[[[[[[[[[[[[[[[[[[[[[[[[[[[[[[[[[[[[[[[[[[[[[[[[[[[[[S[[[[[[[	IGHV3-74*00(128)	IGHD2-15*00(63)	IGHJ4*00(104)		338|372|393|0|33|SC339GDG341|128.0	37|56|93|34|53|ST46CSG51C|63.0	30|54|68|58|82|SC33T|104.0		region_not_covered	region_not_covered	region_not_covered	region_not_covered	region_not_covered	region_not_covered	region_not_covered	region_not_covered	region_not_covered	region_not_covered	TGTGCAAGAGCTTGTAGTGGCGGTACCTGCGATGGCTATTGG	58	region_not_covered	region_not_covered	region_not_covered	region_not_covered	region_not_covered	region_not_covered	region_not_covered	CARACSGGTCDGYW	region_not_covered	:::::::::23:-1:33:34:-6:-6:53:58:-10:65:::
169	2.0	0.009523809523809525	GGCGCCGAGGACACGGCTGTGTATTACTGTGCAAGAGGCGGTGGGAGCTACGGCAGGGCCAACTTTGACTCCTGGGGCCAGGG	[[[[[[[[[[[S[[[S[[[[[S[[[[[JJJJJJJJJJJJJJJJJJJJJJJJJJJJJJJJJJJJJJJJJJJJJJJJ[[[[[[S[	IGHV3-74*00(153)	IGHD1-26*00(55)	IGHJ4*00(94)		335|372|393|0|37|SA335GSA337C|153.0	26|37|60|40|51||55.0	23|45|68|61|83|SA32C|94.0		region_not_covered	region_not_covered	region_not_covered	region_not_covered	region_not_covered	region_not_covered	region_not_covered	region_not_covered	region_not_covered	region_not_covered	TGTGCAAGAGGCGGTGGGAGCTACGGCAGGGCCAACTTTGACTCCTGG	41	region_not_covered	region_not_covered	region_not_covered	region_not_covered	region_not_covered	region_not_covered	region_not_covered	CARGGGSYGRANFDSW	region_not_covered	:::::::::27:-1:37:40:-6:-3:51:61:-3:75:::
170	2.0	0.009523809523809525	GGGCGGACACGGCCATGTATTACTGTGCAAGAAAGTCCAGATATTGTACTGCTGGTAGCTGTACTTTTGACTTCTGGGGCCAG	AAAAAEE6/AEEEEEEEEEEEEEVVVVVVVVVVVVVVVVVVVVVVVVVVVVVVVVVVVVVVVVVVVVVVVVVVVVVV[[[S[[	IGHV4-61*00(49),IGHV4-31*00(48),IGHV4-4*00(48),IGHV4-55*00(48),IGHV4-59*00(48)	IGHD2-15*00(78),IGHD2-8*00(69)	IGHJ4*00(68)		342|374|396|0|32|SC342GST343GSG356ASG370A|96.0;365|374|396|23|32|SG370A|29.0;362|371|393|23|32|SG367A|29.0;362|371|393|23|32|SG367A|29.0;359|368|390|23|32|SG364A|29.0	33|55|93|39|61|SG42CSG45C|78.0;33|50|93|39|56|SG45C|69.0	25|43|68|65|83|SA32T|74.0		region_not_covered	region_not_covered	region_not_covered	region_not_covered	region_not_covered	region_not_covered	region_not_covered	region_not_covered	region_not_covered	region_not_covered	TGTGCAAGAAAGTCCAGATATTGTACTGCTGGTAGCTGTACTTTTGACTTCTGG	53	region_not_covered	region_not_covered	region_not_covered	region_not_covered	region_not_covered	region_not_covered	region_not_covered	CARKSRYCTAGSCTFDFW	region_not_covered	:::::::::23:-2:32:39:-2:-7:61:65:-5:77:::
171	2.0	0.009523809523809525	GGGAGATTTGAGGACACGGCCATGTATTACTGTGGGACGGGGTCGGGGAGTTTTGACTACTGGGGCCAGGGAACCCAGGTCA	[[[[[[[[[[[[[S[S[[[[S[[[[[[[[[[[[[[[[[[[[[[[[[[[[[[[[[[[[[[[[[[[[[[[[[[=S[[[[[[[[=	IGHV1-67*00(123),IGHV1OR21-1*00(122)	IGHD3-16*00(35),IGHD3-10*00(30)	IGHJ4*00(139)		336|373|397|0|37|SC336GST337GSC343TSA347G|121.0;362|366|393|30|34||20.0	55|62|111|44|51||35.0;47|53|93|45|51||30.0	25|56|68|51|82|ST50A|139.0		region_not_covered	region_not_covered	region_not_covered	region_not_covered	region_not_covered	region_not_covered	region_not_covered	region_not_covered	region_not_covered	region_not_covered	TGTGGGACGGGGTCGGGGAGTTTTGACTACTGG	58	region_not_covered	region_not_covered	region_not_covered	region_not_covered	region_not_covered	region_not_covered	region_not_covered	CGTGSGSFDYW	region_not_covered	:::::::::30:-4:37:44:-18:-12:51:51:-5:63:::
172	2.0	0.009523809523809525	GGCCCCTGTGGACACAGCCATATATTACTGTACACACAGAACGTATTACTATGATAGTAGTGGGTATTACTTTGACTACTGGG	O[[[[[[Z[[[D[S[S[[[[[[[[[[[[JJJJJJJJJJJJJJJJJJJJJJJJJJJJJJJJJJJJJJJJJJJJJJJJJJJJJJS	IGHV2-5*00(152)	IGHD3-22*00(115)	IGHJ4*00(84)		337|377|398|0|40|SA339CSC357TSG368A|152.0	29|52|93|40|63||115.0	18|38|68|63|83|SC21T|84.0		region_not_covered	region_not_covered	region_not_covered	region_not_covered	region_not_covered	region_not_covered	region_not_covered	region_not_covered	region_not_covered	region_not_covered	TGTACACACAGAACGTATTACTATGATAGTAGTGGGTATTACTTTGACTACTGG	41	region_not_covered	region_not_covered	region_not_covered	region_not_covered	region_not_covered	region_not_covered	region_not_covered	CTHRTYYYDSSGYYFDYW	region_not_covered	:::::::::28:-1:40:40:2:-10:63:63:2:82:::
173	2.0	0.009523809523809525	GCGCACGGCTGTGTATTACTGTACAAGAGCTTGTAGTGGTGGTAGCTGCTCTGGCTATTGGGGCCANGGAACCCTGGTCACCG	AAAA/EEEEEEEEEEEEEESSSSSSSSSSSSSSSSSSSSSSSSSSSSSSSSSSSSSSSSSS[[[[S!Z[SSS[S[S[[[SS[[	IGHV3-13*00(48.5),IGHV3-74*00(48.5),IGHV6-1*00(48.5)	IGHD2-15*00(100)	IGHJ4*00(121)		340|369|390|0|29|SG341CSA342GSG362A|97.0;362|372|393|19|29|SG365A|34.0;374|384|405|19|29|SG377A|34.0	37|57|93|30|50||100.0	30|59|68|54|83|SC33TSG42N|117.0		region_not_covered	region_not_covered	region_not_covered	region_not_covered	region_not_covered	region_not_covered	region_not_covered	region_not_covered	region_not_covered	region_not_covered	TGTACAAGAGCTTGTAGTGGTGGTAGCTGCTCTGGCTATTGG	50	region_not_covered	region_not_covered	region_not_covered	region_not_covered	region_not_covered	region_not_covered	region_not_covered	CTRACSGGSCSGYW	region_not_covered	:::::::::19:-1:29:30:-6:-5:50:54:-10:61:::
201	1.0	0.004761904761904762	CGGGAGGACACGGCTGTTTATTACTGTTCAATCGCGTCGGGAGCTACTGATTACTGGGGCCAGGGAACTTTGGTCACCGTCT	AAAAAEEEEEEE/EEEAEEEEEEE<<<<<<<<<<<<<<<<<<<<<<<<<<<<<<<<<E/E/EE/EEEEEEAE<EEEEEEEA/	IGHV6-1*00(91)	IGHD1-26*00(45)	IGHJ4*00(127)		350|381|405|0|31|SC351GSC352GSG367TSG377T|91.0	28|37|60|38|47||45.0	27|62|68|47|82|SC30TSC48TSC49T|127.0		region_not_covered	region_not_covered	region_not_covered	region_not_covered	region_not_covered	region_not_covered	region_not_covered	region_not_covered	region_not_covered	region_not_covered	TGTTCAATCGCGTCGGGAGCTACTGATTACTGG	27	region_not_covered	region_not_covered	region_not_covered	region_not_covered	region_not_covered	region_not_covered	region_not_covered	CSIASGATDYW	region_not_covered	:::::::::24:-4:31:38:-8:-3:47:47:-7:57:::
258	1.0	0.004761904761904762	CGGGGACACGGCTGTGTATTACTGTGTAAGAGGAGATGGCTACGCTGGGAGGTTCGACCCCTGGGGCCAGGGAACCCTGGTCA	AAAAAEEEEEEEEEEEEEEEEEAAAAAAAAAAAAAAAAAAAAAAAAAAAAAAAAAAAAAAAAAAEEEEEEEEEEEEEEEEEE/	IGHV3-13*00(144)	IGHD5-24*00(55)	IGHJ5*00(165)		337|369|390|0|32|SC363T|144.0	23|34|60|32|43||55.0	26|59|71|50|83||165.0		region_not_covered	region_not_covered	region_not_covered	region_not_covered	region_not_covered	region_not_covered	region_not_covered	region_not_covered	region_not_covered	region_not_covered	TGTGTAAGAGGAGATGGCTACGCTGGGAGGTTCGACCCCTGG	32	region_not_covered	region_not_covered	region_not_covered	region_not_covered	region_not_covered	region_not_covered	region_not_covered	CVRGDGYAGRFDPW	region_not_covered	:::::::::22:-1:32:32:-3:-6:43:50:-6:64:::
262	1.0	0.004761904761904762	CGGGAGACACGGCCCTGTATTACTGTGCGCTGGGGTCGGGGAGTGCTGACTACTGGGGCCAGGGAACCCTGGTCACCGTCTC	AAAAAE/EAEEEEEEEEEEEEEEAAAAAAAAAAAAAAAAAAAAAAAAAAAAAAAAAEEEAEAEEE/EEEEAEAEEEEEEA<E	IGHV3-53*00(88),IGHV1-58*00(87),IGHV1-67*00(87),IGHV3-11*00(87),IGHV3-71*00(87)	IGHD3-16*00(35),IGHD3-3*00(30),IGHD7-27*00(30)	IGHJ4*00(180)		337|365|390|0|29|SA339GI341ASG350C|87.0;362|368|393|23|29||30.0;366|370|397|23|27||20.0;362|368|393|23|29||30.0;368|374|399|23|29||30.0	55|62|111|37|44||35.0;45|51|93|39|45||30.0;15|21|33|29|35||30.0	27|63|68|46|82||180.0		region_not_covered	region_not_covered	region_not_covered	region_not_covered	region_not_covered	region_not_covered	region_not_covered	region_not_covered	region_not_covered	region_not_covered	TGTGCGCTGGGGTCGGGGAGTGCTGACTACTGG	32	region_not_covered	region_not_covered	region_not_covered	region_not_covered	region_not_covered	region_not_covered	region_not_covered	CALGSGSADYW	region_not_covered	:::::::::23:-5:29:37:-18:-12:44:46:-7:56:::
263	1.0	0.004761904761904762	CGGGTATTACTGTGCGATGGGGTCGGGGAGTTTTGACTATTGGGGCCAGGGAACCCAGGTCACCGTCTCCTCAGCCTCCACC	AAAAAEEEEEEEEEEEEEEEEEEEEEEEEEEEEEEEEEEEEEEEAEEEEEEEEEEAEEEEE/EAE/EAEE<E/AEEAEE/EE	IGHV4-61*00(70),IGHV3-71*00(69),IGHV4-59*00(69),IGHV7-34-1*00(69),IGHV7-4-1*00(69)	IGHD3-16*00(35),IGHD3-10*00(30)	IGHJ4*00(183)	IGHG1*00(40),IGHG2*00(40),IGHG4*00(40),IGHGP*00(40)	355|372|396|0|17|ST357G|69.0;368|375|399|10|17||35.0;359|366|390|10|17||35.0;359|366|390|10|17||35.0;362|369|393|10|17||35.0	55|62|111|24|31||35.0;47|53|93|25|31||30.0	25|68|68|31|74|SC33TST50A|183.0	;;;	region_not_covered	region_not_covered	region_not_covered	region_not_covered	region_not_covered	region_not_covered	region_not_covered	region_not_covered	region_not_covered	region_not_covered	TGTGCGATGGGGTCGGGGAGTTTTGACTATTGG	36	GGCCAGGGAACCCAGGTCACCGTCTCCTCAG	14	region_not_covered	region_not_covered	region_not_covered	region_not_covered	region_not_covered	CAMGSGSFDYW	GQGTQVTVSS_	:::::::::10:-4:17:24:-18:-12:31:31:-5:43:74::
264	1.0	0.004761904761904762	CGGCCGAGGACACGGCTGTATATTACTGTGCGACTGGGGGAGTGGGGACTTTTGATATCTGGGGCCAAGGGACAATGGTCAC	AAAAAEEEE6EEEEEEEEEEEEEEEEAAAAAAAAAAAAAAAAAAAAAAAAAAAAAAAAAAAAEEEEEEEEEAEEEEEEEE/E	IGHV3-23*00(119),IGHV3-35*00(118),IGHV3-21*00(117),IGHV3-33*00(117),IGHV3-7*00(117)	IGHD3-16*00(45)	IGHJ3*00(170)		336|369|393|0|33|SG336CSA337GSC352T|117.0;362|366|393|26|30||20.0;362|369|393|26|33||35.0;362|369|393|26|33||35.0;362|369|393|26|33||35.0	53|62|111|34|43||45.0	25|59|70|48|82||170.0		region_not_covered	region_not_covered	region_not_covered	region_not_covered	region_not_covered	region_not_covered	region_not_covered	region_not_covered	region_not_covered	region_not_covered	TGTGCGACTGGGGGAGTGGGGACTTTTGATATCTGG	32	region_not_covered	region_not_covered	region_not_covered	region_not_covered	region_not_covered	region_not_covered	region_not_covered	CATGGVGTFDIW	region_not_covered	:::::::::26:-4:33:34:-16:-12:43:48:-5:62:::
265	1.0	0.004761904761904762	GCGGCTTTATATTACTGTGCGACCTCGGGCTCGTCGATTATGAAACCCCCCTTTGGCCACTGGGGCCAGGGAACCCCGGTCA	AAAAAEEEEEEEEEE666666666666666666666666666666666666666666666666EEEE/EEE//EEEEEEE</	IGHV3-66*00(63),IGHV3-48*00(62),IGHV3-7*00(62),IGHV4-34*00(62),IGHV4-39*00(62)	IGHD3-16*00(35),IGHD6-6*00(35),IGHD5-12*00(30)	IGHJ4*00(112)		344|366|390|0|22|SA344GSG350TSG352A|62.0;362|369|393|15|22||35.0;362|369|393|15|22||35.0;359|366|390|15|22||35.0;365|372|396|15|22||35.0	39|46|111|36|43||35.0;28|35|54|28|35||35.0;39|45|69|34|40||30.0	24|56|68|50|82|SA29GST31CST50C|112.0		region_not_covered	region_not_covered	region_not_covered	region_not_covered	region_not_covered	region_not_covered	region_not_covered	region_not_covered	region_not_covered	region_not_covered	TGTGCGACCTCGGGCTCGTCGATTATGAAACCCCCCTTTGGCCACTGG	21	region_not_covered	region_not_covered	region_not_covered	region_not_covered	region_not_covered	region_not_covered	region_not_covered	CATSGSSIMKPPFGHW	region_not_covered	:::::::::15:-4:22:36:-2:-28:43:50:-4:63:::
266	1.0	0.004761904761904762	GGCGCCGAGGACACGGCTGTGTATTACTGTGCGAGTGGTTCCCCAGGGTACTGGGGCCAGGGAACCCTGGTCACCGTCTCCT	AAAAAEEEEEEEEEEEEEEEEEEEEEEAAAAAAAAAAAAAAAAAAAAAAAAAAAEEEEEEEEEEEEEEEEEEAEEEEEEEEE	IGHV3-21*00(143),IGHV3-33*00(143),IGHV3-7*00(143)	IGHD1-14*00(35),IGHD7-27*00(35),IGHD3-10*00(30)	IGHJ4*00(170)		335|370|393|0|35|SA335GSA337C|143.0;362|370|393|27|35||40.0;362|370|393|27|35||40.0	1|8|51|35|42||35.0;0|7|33|39|46||35.0;40|46|93|35|41||30.0	31|65|68|48|82||170.0		region_not_covered	region_not_covered	region_not_covered	region_not_covered	region_not_covered	region_not_covered	region_not_covered	region_not_covered	region_not_covered	region_not_covered	TGTGCGAGTGGTTCCCCAGGGTACTGG	32	region_not_covered	region_not_covered	region_not_covered	region_not_covered	region_not_covered	region_not_covered	region_not_covered	CASGSPGYW	region_not_covered	:::::::::27:-3:35:35:16:-26:42:48:-11:54:::
267	1.0	0.004761904761904762	GGGCACGGCTGTTTTTTACTGTGCGAGATCGACTGTAGTAGTCCCAGCTGCTATGTCCTGGGGCCAGGGAACCCTGGTCACCG	AAAAAEEEEEEEEEEEEEE666666666666666666666666666666666666666666EEEEEEEEEAEEEEEE<EEEEA	IGHV3-38*00(81)	IGHD2-2*00(94)	IGHJ5*00(135)		337|366|387|0|29|SC346TSG349TSA351TSC361G|81.0	38|60|93|33|55|SA47C|94.0	35|62|71|56|83||135.0		region_not_covered	region_not_covered	region_not_covered	region_not_covered	region_not_covered	region_not_covered	region_not_covered	region_not_covered	region_not_covered	region_not_covered	TGTGCGAGATCGACTGTAGTAGTCCCAGCTGCTATGTCCTGG	21	region_not_covered	region_not_covered	region_not_covered	region_not_covered	region_not_covered	region_not_covered	region_not_covered	CARSTVVVPAAMSW	region_not_covered	:::::::::19:-1:29:33:-7:-2:55:56:-15:61:::
268	1.0	0.004761904761904762	CGGGGACACGGCTGTGTATTACTGTGCGAGATGGGACGATATAGCTGTGGCGGGGATTGACTACTGGGGCCAGGGAACCCTGG	AAAAAEEEEEEEEEEEEEEEEE<<<<<<<<<<<<<<<<<<<<<<<<<<<<<<<<<<<<<<<<<<<<<EEEEEEEEEEEEEEEE	IGHV4-34*00(140),IGHV3-21*00(139),IGHV3-33*00(139),IGHV3-48*00(139),IGHV3-7*00(139)	IGHD6-19*00(44),IGHD5-5*00(40)	IGHJ4*00(135)		337|368|390|0|31|SC339G|139.0;362|371|393|22|31||45.0;362|371|393|22|31||45.0;362|371|393|22|31||45.0;362|371|393|22|31||45.0	24|36|63|39|51|SA30T|44.0;6|14|60|40|48||40.0	26|53|68|56|83||135.0		region_not_covered	region_not_covered	region_not_covered	region_not_covered	region_not_covered	region_not_covered	region_not_covered	region_not_covered	region_not_covered	region_not_covered	TGTGCGAGATGGGACGATATAGCTGTGGCGGGGATTGACTACTGG	27	region_not_covered	region_not_covered	region_not_covered	region_not_covered	region_not_covered	region_not_covered	region_not_covered	CARWDDIAVAGIDYW	region_not_covered	:::::::::22:-2:31:39:-3:-6:51:56:-6:67:::
269	1.0	0.004761904761904762	GGGAGGACACGGCTGTGTATTACTGTGCGAGATGGAGCAGTGGCTGGGACTCAAGAATTGACTACTGGGGCCAGGGAACC	AAA6AE/EAEEEEEEEEEEEEEEAAAAAAAAAAAAAAAAAAAAAAAAAAAAAAAAAAAAAAAAAAAAAEEEEEEEAE/EE	IGHV4-34*00(112)	IGHD6-19*00(60)	IGHJ4*00(115)		336|368|390|0|32|SC336GSC337GSC339A|112.0	27|39|63|35|47||60.0	26|49|68|57|80||115.0		region_not_covered	region_not_covered	region_not_covered	region_not_covered	region_not_covered	region_not_covered	region_not_covered	region_not_covered	region_not_covered	region_not_covered	TGTGCGAGATGGAGCAGTGGCTGGGACTCAAGAATTGACTACTGG	32	region_not_covered	region_not_covered	region_not_covered	region_not_covered	region_not_covered	region_not_covered	region_not_covered	CARWSSGWDSRIDYW	region_not_covered	:::::::::23:-2:32:35:-6:-3:47:57:-6:68:::
270	1.0	0.004761904761904762	CGGCGGCTGTGTATTACTGTGCGAGATGGAACACTGGCTGGGACTCAAGAGTAGACTACTGGGGACAGGGAACCCTGGTCAC	AAAAAAE/EE6AEEEEE<<<<<<<<<<<<<<<<<<<<<<<<<<<<<<<<<<<<<<<<<<<<<AEEEEEEEE/EEEEEEEEAA	IGHV3-66*00(89),IGHV3-48*00(88),IGHV3-7*00(88),IGHV4-34*00(88),IGHV4-39*00(88)	IGHD6-19*00(35),IGHD1-1*00(30),IGHD1-20*00(30)	IGHJ4*00(129)		343|368|390|0|26|I344GSA344G|88.0;362|371|393|17|26||45.0;362|371|393|17|26||45.0;359|368|390|17|26||45.0;365|374|396|17|26||45.0	32|39|63|34|41||35.0;25|31|51|26|32||30.0;25|31|51|26|32||30.0	28|57|68|53|82|SC39A|129.0		region_not_covered	region_not_covered	region_not_covered	region_not_covered	region_not_covered	region_not_covered	region_not_covered	region_not_covered	region_not_covered	region_not_covered	TGTGCGAGATGGAACACTGGCTGGGACTCAAGAGTAGACTACTGG	27	region_not_covered	region_not_covered	region_not_covered	region_not_covered	region_not_covered	region_not_covered	region_not_covered	CARWNTGWDSRVDYW	region_not_covered	:::::::::17:-2:26:34:-11:-3:41:53:-8:62:::
271	1.0	0.004761904761904762	CGGCGTCTATTACTGTGCGAGACACCACCGGCACGTCAGTGGCTGGGAGCCCCTGGACTTTGACCTCTGGGGCCAGGGAACC	AAAAAEEEEEEEE666666666666666666666666666666666666666666666666666666666EEEEEEEE//EE	IGHV4-61*00(74),IGHV4-34*00(73),IGHV4-4*00(73),IGHV4-55*00(73),IGHV4-59*00(73)	IGHD6-19*00(50)	IGHJ4*00(98)		351|374|396|0|22|DC354SG358C|73.0;359|368|390|13|22||45.0;362|371|393|13|22||45.0;362|371|393|13|22||45.0;359|368|390|13|22||45.0	29|39|63|36|46||50.0	23|49|68|56|82|ST31CSA32T|98.0		region_not_covered	region_not_covered	region_not_covered	region_not_covered	region_not_covered	region_not_covered	region_not_covered	region_not_covered	region_not_covered	region_not_covered	TGTGCGAGACACCACCGGCACGTCAGTGGCTGGGAGCCCCTGGACTTTGACCTCTGG	21	region_not_covered	region_not_covered	region_not_covered	region_not_covered	region_not_covered	region_not_covered	region_not_covered	CARHHRHVSGWEPLDFDLW	region_not_covered	:::::::::13:-2:22:36:-8:-3:46:56:-3:70:::
272	1.0	0.004761904761904762	GGGGTATTACTGTGCGAGAGTTTCGCAAGATTGTGGTGGTGACTGCTTCCAGCTTGAGTACTGGGGCCAGGGGACCCTGGTCA	AAAAAEEEEEEEEEEEEEEEEEEEEEEEEEEEEEEEEEEEEEEEEEEEEEEEEEEEEEEEEEEEEEEE<EEEE/E<EEEEEE/	IGHV7-4-1*00(69),IGHV3-7*00(68),IGHV3-71*00(68),IGHV4-4*00(68),IGHV4-59*00(68)	IGHD2-21*00(74)	IGHJ4*00(118)		352|372|393|0|20|SC352GST354G|68.0;362|372|393|10|20||50.0;368|378|399|10|20||50.0;362|372|393|10|20||50.0;359|369|390|10|20||50.0	33|51|84|29|47|ST46C|74.0	26|56|68|53|83|SC30GSA45G|118.0		region_not_covered	region_not_covered	region_not_covered	region_not_covered	region_not_covered	region_not_covered	region_not_covered	region_not_covered	region_not_covered	region_not_covered	TGTGCGAGAGTTTCGCAAGATTGTGGTGGTGACTGCTTCCAGCTTGAGTACTGG	36	region_not_covered	region_not_covered	region_not_covered	region_not_covered	region_not_covered	region_not_covered	region_not_covered	CARVSQDCGGDCFQLEYW	region_not_covered	:::::::::10:-1:20:29:-5:-5:47:53:-6:64:::
273	1.0	0.004761904761904762	CGGGGACACGGCTATGTATTTCTGTGCGAGAGGCCTCGGGGGTATTACGATGGGTGTCTTTGACTACTGGGGCCAGGGAACC	AAAAAEEAEEEEEEEEEEEEEAAAAAAAAAAAAAAAAAAAAAAAAAAAAAAAAAAAAAAAAAAAAAAAAAEEAEEEE</EEE	IGHV4-34*00(137)	IGHD3-3*00(50),IGHD3-9*00(50),IGHD3-10*00(44)	IGHJ4*00(125)		337|374|390|0|37|SC339GSG350ASA357T|137.0	31|41|93|41|51||50.0;31|41|93|41|51||50.0;31|43|93|41|53|ST38G|44.0	24|49|68|57|82||125.0		region_not_covered	region_not_covered	region_not_covered	region_not_covered	region_not_covered	region_not_covered	region_not_covered	region_not_covered	region_not_covered	region_not_covered	TGTGCGAGAGGCCTCGGGGGTATTACGATGGGTGTCTTTGACTACTGG	32	region_not_covered	region_not_covered	region_not_covered	region_not_covered	region_not_covered	region_not_covered	region_not_covered	CARGLGGITMGVFDYW	region_not_covered	:::::::::22:4:37:41:0:-21:51:57:-4:70:::
274	1.0	0.004761904761904762	CGGGACACGGCCATATATTTCTGTGCGAGAGGGTCTAAAGACTACGGTGACTACGGGGGAGCTTTTGATGTCTGGGGCCAAGG	AAAAAEEEEEEEEEEEEEEEEAAAAAAAAAAAAAAAAAAAAAAAAAAAAAAAAAAAAAAAAAAAAAAAAAAAAAAEEEEEEEE	IGHV1OR21-1*00(75)	IGHD4-17*00(80)	IGHJ3*00(99)		341|372|393|0|31|SG341CSA342GSG355ASA360TST366C|75.0	17|33|48|39|55||80.0	24|47|70|60|83|SA33G|99.0		region_not_covered	region_not_covered	region_not_covered	region_not_covered	region_not_covered	region_not_covered	region_not_covered	region_not_covered	region_not_covered	region_not_covered	TGTGCGAGAGGGTCTAAAGACTACGGTGACTACGGGGGAGCTTTTGATGTCTGG	32	region_not_covered	region_not_covered	region_not_covered	region_not_covered	region_not_covered	region_not_covered	region_not_covered	CARGSKDYGDYGGAFDVW	region_not_covered	:::::::::21:-1:31:39:-1:1:55:60:-4:75:::
275	1.0	0.004761904761904762	GGGCACGGCTGTGTATTACTGTGCGAGAGGGGCTCCGGACTTCGTGGTGGAAGCTGCTTCATTTGACTACTGGGGCCACGGAG	AAAAAEEEEEEEEEEEEEEAAAAAAAAAAAAAAAAAAAAAAAAAAAAAAAAAAAAAAAAAAAAAAAAAAAAAAEEEEAEEEAE	IGHV4-34*00(134)	IGHD2-15*00(59)	IGHJ4*00(78)		340|370|390|0|30|SA342G|134.0	42|57|93|43|58|ST49A|59.0	25|47|68|61|83|SG42CSA46G|78.0		region_not_covered	region_not_covered	region_not_covered	region_not_covered	region_not_covered	region_not_covered	region_not_covered	region_not_covered	region_not_covered	region_not_covered	TGTGCGAGAGGGGCTCCGGACTTCGTGGTGGAAGCTGCTTCATTTGACTACTGG	32	region_not_covered	region_not_covered	region_not_covered	region_not_covered	region_not_covered	region_not_covered	region_not_covered	CARGAPDFVVEAASFDYW	region_not_covered	:::::::::19:0:30:43:-11:-5:58:61:-5:73:::
276	1.0	0.004761904761904762	GGGGACACGGCTGTGTATTACTGTGCGAGAGGGGCTCCGGACTTAGTTGTACTAGCTGCTCCATTTGACTTCTGGGGCCACGG	AAAAAEEEEEEEEEEEEEEEEAAAAAAAAAAAAAAAAAAAAAAAAAAAAAAAAAAAAAAAAAAAAAAAAAAAAAAEEEEAEEE	IGHV4-34*00(144)	IGHD2-2*00(53)	IGHJ4*00(68)		338|370|390|0|32|SC339G|144.0	40|57|93|43|60|SA44TSC49T|53.0	25|45|68|63|83|SA32TSG42C|68.0		region_not_covered	region_not_covered	region_not_covered	region_not_covered	region_not_covered	region_not_covered	region_not_covered	region_not_covered	region_not_covered	region_not_covered	TGTGCGAGAGGGGCTCCGGACTTAGTTGTACTAGCTGCTCCATTTGACTTCTGG	32	region_not_covered	region_not_covered	region_not_covered	region_not_covered	region_not_covered	region_not_covered	region_not_covered	CARGAPDLVVLAAPFDFW	region_not_covered	:::::::::21:0:32:43:-9:-5:60:63:-5:75:::
277	1.0	0.004761904761904762	GGCAGCCGAAGACACGGCTGTCTATTACTGTGCGAGAGGGACTCCGGACTTAGTGGTGTTAGCTGCTCCATTTGACTACTGGG	AAAAAEEEEEE<EEEEEEEEEEEEEEEE666666666666666666666666666666666666666666666666666666E	IGHV3-21*00(126),IGHV3-33*00(126),IGHV3-7*00(126)	IGHD2-15*00(69)	IGHJ4*00(65)		334|372|393|0|38|SA335GSG336CSG343ASG355C|126.0;362|372|393|28|38||50.0;362|372|393|28|38||50.0	40|57|93|50|67|SG48T|69.0	25|38|68|70|83||65.0		region_not_covered	region_not_covered	region_not_covered	region_not_covered	region_not_covered	region_not_covered	region_not_covered	region_not_covered	region_not_covered	region_not_covered	TGTGCGAGAGGGACTCCGGACTTAGTGGTGTTAGCTGCTCCATTTGACTACTGG	21	region_not_covered	region_not_covered	region_not_covered	region_not_covered	region_not_covered	region_not_covered	region_not_covered	CARGTPDLVVLAAPFDYW	region_not_covered	:::::::::28:-1:38:50:-9:-5:67:70:-5:82:::
278	1.0	0.004761904761904762	GGGCGGCTGTGTATTACTGTGCGAGAGATTTGGAAGCTCGTTACTTCTACTACTACGGTCTGGACGTCTGGGGCCAAGGGAC	AAAAAAEEAEEEEAEEE666666666666666666666666666666666666666666666666666666<EE/EEE/EEE	IGHV3-30-3*00(97),IGHV3-33*00(97),IGHV3-48*00(97),IGHV3-66*00(97),IGHV3-7*00(97)	IGHD6-6*00(30)	IGHJ6*00(178)		345|374|393|0|29|SA345GSC346GSA347G|97.0;362|374|393|17|29||60.0;362|374|393|17|29||60.0;359|371|390|17|29||60.0;362|374|393|17|29||60.0	27|33|54|34|40||30.0	21|63|83|40|82|SA26TSA40C|178.0		region_not_covered	region_not_covered	region_not_covered	region_not_covered	region_not_covered	region_not_covered	region_not_covered	region_not_covered	region_not_covered	region_not_covered	TGTGCGAGAGATTTGGAAGCTCGTTACTTCTACTACTACGGTCTGGACGTCTGG	21	region_not_covered	region_not_covered	region_not_covered	region_not_covered	region_not_covered	region_not_covered	region_not_covered	CARDLEARYFYYYGLDVW	region_not_covered	:::::::::17:1:29:34:-9:-3:40:40:-1:71:::
279	1.0	0.004761904761904762	GGCAGGACACGGCTGTGTATTACTGTGCGAGAGATTTGGAAGCTCGCTACTACTACTATTACGGTATGGATGTCTGGGGCCAG	AAAAAEEEEEEEEEEEEEEEEEEAAAAAAAAAAAAAAAAAAAAAAAAAAAAAAAAAAAAAAAAAAAAAAAAAAAAAAE/EEEE	IGHV3-21*00(138),IGHV3-33*00(138),IGHV3-48*00(138),IGHV3-7*00(138)	IGHD6-6*00(30)	IGHJ6*00(132)		338|374|393|0|35|SC339GDG341|138.0;362|374|393|23|35||60.0;362|374|393|23|35||60.0;362|374|393|23|35||60.0	27|33|54|40|46||30.0	22|58|83|47|83|SC33TSC45TSA57G|132.0		region_not_covered	region_not_covered	region_not_covered	region_not_covered	region_not_covered	region_not_covered	region_not_covered	region_not_covered	region_not_covered	region_not_covered	TGTGCGAGAGATTTGGAAGCTCGCTACTACTACTATTACGGTATGGATGTCTGG	32	region_not_covered	region_not_covered	region_not_covered	region_not_covered	region_not_covered	region_not_covered	region_not_covered	CARDLEARYYYYYGMDVW	region_not_covered	:::::::::23:1:35:40:-9:-3:46:47:-2:77:::
280	1.0	0.004761904761904762	GGGGACACGGCTGTGTATTACTGTGCGAGAGATCCGAAGGATAGCAGCGGTTATATGAGGAGGGGCTTTGACTACTGGGGCCA	AAAAAEEEEEEEEEEEEEEEE<<<<<<<<<<<<<<<<<<<<<<<<<<<<<<<<<<<<<<<<<<<<<<<<<<<<<<<<<EEEEE	IGHV3-30-3*00(154),IGHV3-33*00(154),IGHV3-48*00(154),IGHV3-66*00(154),IGHV3-7*00(154)	IGHD6-25*00(50),IGHD3-22*00(43)	IGHJ4*00(90)		341|375|393|0|34|SA342G|154.0;362|375|393|21|34||65.0;362|375|393|21|34||65.0;359|372|390|21|34||65.0;362|375|393|21|34||65.0	22|32|54|40|50||50.0;41|56|93|39|54|ST46CST49C|43.0	24|42|68|65|83||90.0		region_not_covered	region_not_covered	region_not_covered	region_not_covered	region_not_covered	region_not_covered	region_not_covered	region_not_covered	region_not_covered	region_not_covered	TGTGCGAGAGATCCGAAGGATAGCAGCGGTTATATGAGGAGGGGCTTTGACTACTGG	27	region_not_covered	region_not_covered	region_not_covered	region_not_covered	region_not_covered	region_not_covered	region_not_covered	CARDPKDSSGYMRRGFDYW	region_not_covered	:::::::::21:2:34:40:-4:-4:50:65:-4:78:::
281	1.0	0.004761904761904762	GGCAGGACACGGCTGTGTATTACTGTGCGAGAGAGTCCTCCGCCTATGTGGTTCGGGGAGTCCCAGTTGAGTACTGGGGCCAG	AAAAAEAEEEEEEEEEEEEEEEEAAAAAAAAAAAAAAAAAAAAAAAAAAAAAAAAAAAAAAAAAAAAAAAAAAAAAAEEAAEA	IGHV3-21*00(133),IGHV3-33*00(133),IGHV3-48*00(133),IGHV3-7*00(133)	IGHD3-10*00(49)	IGHJ4*00(69)		338|373|393|0|34|SC339GDG341|133.0;362|373|393|23|34||55.0;362|373|393|23|34||55.0;362|373|393|23|34||55.0	40|53|93|48|61|SA46G|49.0	26|43|68|66|83|SC30G|69.0		region_not_covered	region_not_covered	region_not_covered	region_not_covered	region_not_covered	region_not_covered	region_not_covered	region_not_covered	region_not_covered	region_not_covered	TGTGCGAGAGAGTCCTCCGCCTATGTGGTTCGGGGAGTCCCAGTTGAGTACTGG	32	region_not_covered	region_not_covered	region_not_covered	region_not_covered	region_not_covered	region_not_covered	region_not_covered	CARESSAYVVRGVPVEYW	region_not_covered	:::::::::23:0:34:48:-9:-9:61:66:-6:77:::
282	1.0	0.004761904761904762	GCGGGCTGACATCTGAAGACACGGCTGTGTATCACTGTGCGAGAGAGAAAAGTACGGTGACTACTTTTGATTACTGGGGCCAG	AAAAAEEEEEEEEEEEEEAEEEEEEEEEEEEEEEEEEEEEEEEEEEEEEEEEEEEEEEEEEEEEEEEEEEEEEEEEEEEEEEE	IGHV1-3*00(166)	IGHD4-17*00(35),IGHD4-23*00(35)	IGHJ4*00(78)		327|373|393|0|46|SA329GSC331GSG336CST359C|166.0	20|27|48|52|59||35.0;23|30|57|52|59||35.0	20|43|68|59|83|I28TSC30T|78.0		region_not_covered	region_not_covered	region_not_covered	region_not_covered	region_not_covered	region_not_covered	region_not_covered	region_not_covered	region_not_covered	region_not_covered	TGTGCGAGAGAGAAAAGTACGGTGACTACTTTTGATTACTGG	36	region_not_covered	region_not_covered	region_not_covered	region_not_covered	region_not_covered	region_not_covered	region_not_covered	CAREKSTVTTFDYW	region_not_covered	:::::::::35:0:46:52:-4:-5:59:59:0:77:::
283	1.0	0.004761904761904762	GGGAGGACACGGCTGTTTATTACTGTGCGAGAGAAGATGGAAATGGCTACAACAACTTTGACTACTGGGGCCAGGGAACC	AAAAAE/EAEEEEEEEEEEEEEEAAAAAAAAAAAAAAAAAAAAAAAAAAAAAAAAAAAAAAAAAAAAAEEEEEEEEAAEA	IGHV3-30-3*00(122),IGHV3-33*00(122),IGHV3-48*00(122),IGHV3-66*00(122),IGHV3-7*00(122)	IGHD5-24*00(50)	IGHJ4*00(130)		339|373|393|0|34|SC339GST340GSG355T|122.0;362|373|393|23|34||55.0;362|373|393|23|34||55.0;359|370|390|23|34||55.0;362|373|393|23|34||55.0	26|36|60|42|52||50.0	23|49|68|54|80||130.0		region_not_covered	region_not_covered	region_not_covered	region_not_covered	region_not_covered	region_not_covered	region_not_covered	region_not_covered	region_not_covered	region_not_covered	TGTGCGAGAGAAGATGGAAATGGCTACAACAACTTTGACTACTGG	32	region_not_covered	region_not_covered	region_not_covered	region_not_covered	region_not_covered	region_not_covered	region_not_covered	CAREDGNGYNNFDYW	region_not_covered	:::::::::23:0:34:42:-6:-4:52:54:-3:68:::
284	1.0	0.004761904761904762	CGGGCAGCCTGAAATCTGAGGACACGGCCCTGTATTACTGTGCGAAGGGGTCGGGGAGTTTTGACTTCTGGGGCCAGGGAAC	AAAAAEEEEEAEEEEEEEEEEAE6EEEEEEEEEEEEEAAAAAAAAAAAAAAAAAAAAAAAAAAAAAAAAAAEEEEEEEE/AE	IGHV1-8*00(162),IGHV1-46*00(161),IGHV1-69*00(161)	IGHD3-16*00(35),IGHD3-10*00(30)	IGHJ4*00(99)		324|369|393|0|45|ST324CSA326GSG336ASG353C|161.0;362|369|393|38|45||35.0;362|369|393|38|45||35.0	55|62|111|52|59||35.0;47|53|93|53|59||30.0	25|48|68|59|82|SA32T|99.0		region_not_covered	region_not_covered	region_not_covered	region_not_covered	region_not_covered	region_not_covered	region_not_covered	region_not_covered	region_not_covered	region_not_covered	TGTGCGAAGGGGTCGGGGAGTTTTGACTTCTGG	32	region_not_covered	region_not_covered	region_not_covered	region_not_covered	region_not_covered	region_not_covered	region_not_covered	CAKGSGSFDFW	region_not_covered	:::::::::38:-4:45:52:-18:-12:59:59:-5:71:::
285	1.0	0.004761904761904762	CGGCCATGTATTACTGTGCGAAACGACGTCAGGCGTCGCTGCCCCTCCACTACCACGCCGTTATGGACGTCTGGGGCCAAGGG	AAAAAEEEEEEEEEAAAAAAAAAAAAAAAAAAAAAAAAAAAAAAAAAAAAAAAAAAAAAAAAAAAAAAAAAAAAEEEEEEEEE	IGHV4-61*00(90),IGHV4-31*00(89),IGHV4-4*00(89),IGHV4-55*00(89),IGHV4-59*00(89)	IGHD1-1*00(45),IGHD1-20*00(45)	IGHJ6*00(111)		351|372|396|0|21|SG356A|89.0;365|372|396|14|21||35.0;362|369|393|14|21||35.0;362|369|393|14|21||35.0;359|366|390|14|21||35.0	28|37|51|21|30||45.0;28|37|51|21|30||45.0	26|61|83|48|83|ST31CST34GSA35CSG38T|111.0		region_not_covered	region_not_covered	region_not_covered	region_not_covered	region_not_covered	region_not_covered	region_not_covered	region_not_covered	region_not_covered	region_not_covered	TGTGCGAAACGACGTCAGGCGTCGCTGCCCCTCCACTACCACGCCGTTATGGACGTCTGG	32	region_not_covered	region_not_covered	region_not_covered	region_not_covered	region_not_covered	region_not_covered	region_not_covered	CAKRRQASLPLHYHAVMDVW	region_not_covered	:::::::::14:-4:21:21:-11:3:30:48:-6:74:::
286	1.0	0.004761904761904762	GGGCGTATATTACTGTGCGAAAGGCCTATTAGGGCGGGGAGCCTTTGACTACTGGGGCCAGGGAACCCTGGTCACCGTCTC	AAAAAEEEEEEEEAAAAAAAAAAAAAAAAAAAAAAAAAAAAAAAAAAAAAAAAAAEE/EEEEEEAEEAEEEEEEEEEEEEE	IGHV3-30*00(67)	IGHD1-26*00(30),IGHD3-16*00(30)	IGHJ4*00(195)		349|372|393|0|23|SC351GST352CSG355A|67.0	28|34|60|36|42||30.0;55|61|111|35|41||30.0	24|63|68|42|81||195.0		region_not_covered	region_not_covered	region_not_covered	region_not_covered	region_not_covered	region_not_covered	region_not_covered	region_not_covered	region_not_covered	region_not_covered	TGTGCGAAAGGCCTATTAGGGCGGGGAGCCTTTGACTACTGG	32	region_not_covered	region_not_covered	region_not_covered	region_not_covered	region_not_covered	region_not_covered	region_not_covered	CAKGLLGRGAFDYW	region_not_covered	:::::::::13:-1:23:36:-8:-6:42:42:-4:55:::
287	1.0	0.004761904761904762	GGGAGGACACGGCCGTATATTACTGTGCGAAAGATCGCCTTATAGCAGTGACTGGTACGTTGGACTACTGGGGCCAGGGAAC	AAAAAEEEEEEEEEEEEEEEEEEAAAAAAAAAAAAAAAAAAAAAAAAAAAAAAAAAAAAAAAAAAAAAAAAEEEEEEEEEAE	IGHV3-23*00(148)	IGHD6-19*00(84)	IGHJ4*00(100)		339|375|393|0|36|SC339GSC340G|148.0	24|44|63|40|60|SG34A|84.0	28|48|68|62|82||100.0		region_not_covered	region_not_covered	region_not_covered	region_not_covered	region_not_covered	region_not_covered	region_not_covered	region_not_covered	region_not_covered	region_not_covered	TGTGCGAAAGATCGCCTTATAGCAGTGACTGGTACGTTGGACTACTGG	32	region_not_covered	region_not_covered	region_not_covered	region_not_covered	region_not_covered	region_not_covered	region_not_covered	CAKDRLIAVTGTLDYW	region_not_covered	:::::::::23:2:36:40:-3:2:60:62:-8:71:::
288	1.0	0.004761904761904762	GGCCCGTATATTACTGTGCGAAAACCCCCCAGGTGGGAGCTACGGGAGGTTGGGACTACTGGGGCCAGGGAACCCTGGTCAC	AAAAAEEEEAEEEEAAAAAAAAAAAAAAAAAAAAAAAAAAAAAAAAAAAAAAAAAAAAAAAAEEEAEEEEAEEEAEEEEEEE	IGHV3-23*00(89)	IGHD1-26*00(55)	IGHJ4*00(145)		349|371|393|0|23|I351C|89.0	26|37|60|32|43||55.0	28|57|68|53|82||145.0		region_not_covered	region_not_covered	region_not_covered	region_not_covered	region_not_covered	region_not_covered	region_not_covered	region_not_covered	region_not_covered	region_not_covered	TGTGCGAAAACCCCCCAGGTGGGAGCTACGGGAGGTTGGGACTACTGG	32	region_not_covered	region_not_covered	region_not_covered	region_not_covered	region_not_covered	region_not_covered	region_not_covered	CAKTPQVGATGGWDYW	region_not_covered	:::::::::14:-2:23:32:-6:-3:43:53:-8:62:::
289	1.0	0.004761904761904762	GGGATATTACTGTGCGAAAAAAGGCCCCCGATGGTACGGTGACTATGAGACGTTTGACCACTGGGGCCAGGGAACCCTGGTCA	AAAAAEEE/EAAAAAAAAAAAAAAAAAAAAAAAAAAAAAAAAAAAAAAAAAAAAAAAAAAAAAAEEEEEEEEEEEEEEEEEE/	IGHV3-23*00(63)	IGHD4-17*00(55)	IGHJ4*00(139)		352|371|393|0|19|SC352GST354G|63.0	20|31|48|34|45||55.0	25|56|68|52|83|ST31C|139.0		region_not_covered	region_not_covered	region_not_covered	region_not_covered	region_not_covered	region_not_covered	region_not_covered	region_not_covered	region_not_covered	region_not_covered	TGTGCGAAAAAAGGCCCCCGATGGTACGGTGACTATGAGACGTTTGACCACTGG	32	region_not_covered	region_not_covered	region_not_covered	region_not_covered	region_not_covered	region_not_covered	region_not_covered	CAKKGPRWYGDYETFDHW	region_not_covered	:::::::::10:-2:19:34:-4:-1:45:52:-5:64:::
293	1.0	0.004761904761904762	GGCCGAGGACACGGCTGTGTATTACTGTGCAAGAGTCCGGCTAAATACAGACTGGGGCCAGGGAACCCTGGTCACCGTCTCC	AAAAAEEEEEEEEEEEEEEEEEEEEAAAAAAAAAAAAAAAAAAAAAAAAAAAAAAEEEEEEEEEAEEEEEEEEAEEEAEEEE	IGHV3-74*00(159)	IGHD5-5*00(30),IGHD6-25*00(30)	IGHJ4*00(160)		337|372|393|0|35|SA337G|159.0	24|30|60|44|50||30.0;29|35|54|37|43||30.0	32|64|68|50|82||160.0		region_not_covered	region_not_covered	region_not_covered	region_not_covered	region_not_covered	region_not_covered	region_not_covered	region_not_covered	region_not_covered	region_not_covered	TGTGCAAGAGTCCGGCTAAATACAGACTGG	32	region_not_covered	region_not_covered	region_not_covered	region_not_covered	region_not_covered	region_not_covered	region_not_covered	CARVRLNTDW	region_not_covered	:::::::::25:-1:35:44:-4:-10:50:50:-12:55:::
294	1.0	0.004761904761904762	GGGCACGGCTGTGTATTACTGTGCAAGAGCTTGTAGTGGTGGTAGTTGCTATGGCTACTGGGGCCAGGGAACCCTGGTCACCG	AAAAAEEEEEEEEEEEEEEAAAAAAAAAAAAAAAAAAAAAAAAAAAAAAAAAAAAAAAAAAEEEEEEEEEEEEEEEEEEAEEE	IGHV3-13*00(129),IGHV3-74*00(129),IGHV6-1*00(129)	IGHD2-15*00(89)	IGHJ4*00(145)		340|369|390|0|29|SA342G|129.0;362|372|393|19|29||50.0;374|384|405|19|29||50.0	37|58|93|30|51|SC52T|89.0	30|59|68|54|83||145.0		region_not_covered	region_not_covered	region_not_covered	region_not_covered	region_not_covered	region_not_covered	region_not_covered	region_not_covered	region_not_covered	region_not_covered	TGTGCAAGAGCTTGTAGTGGTGGTAGTTGCTATGGCTACTGG	32	region_not_covered	region_not_covered	region_not_covered	region_not_covered	region_not_covered	region_not_covered	region_not_covered	CARACSGGSCYGYW	region_not_covered	:::::::::19:-1:29:30:-6:-4:51:54:-10:61:::
295	1.0	0.004761904761904762	GGCGAGGACACGGCTGTGTATTACTGTGCAAGAGCTTGTAGTGGTGGTAGCTGCTATGGGTACTGGGGCCAGGGAACCCTGGT	AAAAAEEEEEEEEEEEEEEEEEEE<<<<<<<<<<<<<<<<<<<<<<<<<<<<<<<<<<<<<<<<<<EEEEEEEE//EEEEEEE	IGHV3-74*00(154)	IGHD2-15*00(105)	IGHJ4*00(115)		338|372|393|0|34|SC339G|154.0	37|58|93|35|56||105.0	31|54|68|60|83||115.0		region_not_covered	region_not_covered	region_not_covered	region_not_covered	region_not_covered	region_not_covered	region_not_covered	region_not_covered	region_not_covered	region_not_covered	TGTGCAAGAGCTTGTAGTGGTGGTAGCTGCTATGGGTACTGG	27	region_not_covered	region_not_covered	region_not_covered	region_not_covered	region_not_covered	region_not_covered	region_not_covered	CARACSGGSCYGYW	region_not_covered	:::::::::24:-1:34:35:-6:-4:56:60:-11:66:::
296	1.0	0.004761904761904762	GGGAGTCTGAGAGCCGAGGACACGGCTGTGTATTACTGTGCAAGAGCTTGTAGTGGTGGTAGCTGCAATGGCTACTGGGGCCA	AAAAAEEEEEEEEEEEEEEAE/EEEEEEEEEEEEEE666666666666666666666666666666666666666666EEEE/	IGHV3-74*00(182)	IGHD2-15*00(95)	IGHJ4*00(60)		326|372|393|0|46|SA326GSA327GSC328G|182.0	37|56|93|47|66||95.0	30|42|68|71|83||60.0		region_not_covered	region_not_covered	region_not_covered	region_not_covered	region_not_covered	region_not_covered	region_not_covered	region_not_covered	region_not_covered	region_not_covered	TGTGCAAGAGCTTGTAGTGGTGGTAGCTGCAATGGCTACTGG	21	region_not_covered	region_not_covered	region_not_covered	region_not_covered	region_not_covered	region_not_covered	region_not_covered	CARACSGGSCNGYW	region_not_covered	:::::::::36:-1:46:47:-6:-6:66:71:-10:78:::
297	1.0	0.004761904761904762	CGGATACGGCTGTGTATTACTGTGCAAGAGGCGGTGGGAGCTACGGCAAGGCCGACTTTGACTTCTGGGGCCAGGGAGCC	AAAAAEEEEEEEEEEEEEEEAAAAAAAAAAAAAAAAAAAAAAAAAAAAAAAAAAAAAAAAAAAAAAAAEEAEEEEEEEAE	IGHV4-34*00(128)	IGHD1-26*00(55)	IGHJ4*00(98)		339|371|390|0|32|SC343TSG364A|128.0	26|37|60|33|44||55.0	23|49|68|54|80|SA32TSA46G|98.0		region_not_covered	region_not_covered	region_not_covered	region_not_covered	region_not_covered	region_not_covered	region_not_covered	region_not_covered	region_not_covered	region_not_covered	TGTGCAAGAGGCGGTGGGAGCTACGGCAAGGCCGACTTTGACTTCTGG	32	region_not_covered	region_not_covered	region_not_covered	region_not_covered	region_not_covered	region_not_covered	region_not_covered	CARGGGSYGKADFDFW	region_not_covered	:::::::::20:1:32:33:-6:-3:44:54:-3:68:::
298	1.0	0.004761904761904762	GGCGACACGGCTGTTTATTACTGTGCAAGAGATCACGGCCTGGGGTATGATGCTTTTGATATCTGGGGCCAAGGGACAATGGT	AAAAAEEEEEEEEEEEEEEEEAAAAAAAAAAAAAAAAAAAAAAAAAAAAAAAAAAAAAAAAAAAAAEEEAEEEEEEEEAEEEE	IGHV3-13*00(138)	IGHD7-27*00(30)	IGHJ3*00(185)		338|372|390|0|34|SG340CSG352T|138.0	15|21|33|39|45||30.0	19|56|70|46|83||185.0		region_not_covered	region_not_covered	region_not_covered	region_not_covered	region_not_covered	region_not_covered	region_not_covered	region_not_covered	region_not_covered	region_not_covered	TGTGCAAGAGATCACGGCCTGGGGTATGATGCTTTTGATATCTGG	32	region_not_covered	region_not_covered	region_not_covered	region_not_covered	region_not_covered	region_not_covered	region_not_covered	CARDHGLGYDAFDIW	region_not_covered	:::::::::21:2:34:39:-4:-1:45:46:1:66:::
299	1.0	0.004761904761904762	CGGAGGACACGGCTGTGTATTACTGTGCAAGAGATCACGGGCTGGGGTATGATGCTTTTGATATCTGGGGCCAAGGGACAATG	AAAAAEEEEEEEEEEEEEEEEEEAAAAAAAAAAAAAAAAAAAAAAAAAAAAAAAAAAAAAAAAAAAAAEEEEEEEEEEEEEEE	IGHV3-74*00(164),IGHV6-1*00(164)	IGHD6-19*00(30),IGHD7-27*00(30)	IGHJ3*00(175)		339|375|393|0|36|SC340G|164.0;374|387|405|23|36||65.0	33|39|63|39|45||30.0;15|21|33|41|47||30.0	19|54|70|48|83||175.0		region_not_covered	region_not_covered	region_not_covered	region_not_covered	region_not_covered	region_not_covered	region_not_covered	region_not_covered	region_not_covered	region_not_covered	TGTGCAAGAGATCACGGGCTGGGGTATGATGCTTTTGATATCTGG	32	region_not_covered	region_not_covered	region_not_covered	region_not_covered	region_not_covered	region_not_covered	region_not_covered	CARDHGLGYDAFDIW	region_not_covered	:::::::::23:2:36:39:-12:-3:45:48:1:68:::
300	1.0	0.004761904761904762	CGGCGACACGGCTGTATATTATTGTGCAAGAGATCACGGACTGGGATATGATGTTTCTGATATCTGGGGCCAAGGGACAAGAT	AAAAAEEEEEEEEEEEEEEEEEEEEEEEEEEEEEEEEEEEEEEEEEEEEEEEEEEEEEEEEEEEEEEEAEEEEEEEEAEEEEE	IGHV3-13*00(127)	IGHD3-9*00(30),IGHD7-27*00(30)	IGHJ3*00(111)		337|372|390|0|35|SG340CSG352ASC358T|127.0	46|52|93|38|44||30.0;14|20|33|39|45||30.0	19|56|70|47|83|SC25TST28CDT52SG54A|111.0		region_not_covered	region_not_covered	region_not_covered	region_not_covered	region_not_covered	region_not_covered	region_not_covered	region_not_covered	region_not_covered	region_not_covered	TGTGCAAGAGATCACGGACTGGGATATGATGTTTCTGATATCTGG	36	region_not_covered	region_not_covered	region_not_covered	region_not_covered	region_not_covered	region_not_covered	region_not_covered	CARDHGLGYDVSDIW	region_not_covered	:::::::::22:2:35:38:-15:-10:44:47:1:67:::
301	1.0	0.004761904761904762	GGCGTCTGAGAGCCGAGGACACGGCTGTGTATTACTGTGCAAGAACCGTGGATACAGTAGACTGGGGCCAGGGAACCCTGGT	AAAAAEEEEEEEEEEEEEEEEEEEEEEEEEEEEEEEEEEEEEEEEEEEEEEEEEEEEEEEEEEEEEEEEEEEEEAEEEEEEE	IGHV3-74*00(172)	IGHD5-5*00(55)	IGHJ4*00(110)		327|371|393|0|44|SA327GSC328GSA329C|172.0	19|30|60|46|57||55.0	32|54|68|60|82||110.0		region_not_covered	region_not_covered	region_not_covered	region_not_covered	region_not_covered	region_not_covered	region_not_covered	region_not_covered	region_not_covered	region_not_covered	TGTGCAAGAACCGTGGATACAGTAGACTGG	36	region_not_covered	region_not_covered	region_not_covered	region_not_covered	region_not_covered	region_not_covered	region_not_covered	CARTVDTVDW	region_not_covered	:::::::::35:-2:44:46:1:-10:57:60:-12:65:::
306	1.0	0.004761904761904762	CGGAGGACACGGCTGTCTATTACTGTACAAGAGGCGGTGGGAGTTACGGCAGGGCCAACTTTGACTCCTGGGGCCAGGGAGC	AAAAAEEEEEEEEEEEEEEEEEEAAAAAAAAAAAAAAAAAAAAAAAAAAAAAAAAAAAAAAAAAAAAAAAAEEEEEEEEEEE	IGHV3-74*00(117),IGHV6-1*00(117)	IGHD3-10*00(40),IGHD3-16*00(40),IGHD4-23*00(40)	IGHJ4*00(93)		339|372|393|0|33|SC340GSG355CSG365A|117.0;374|384|405|23|33|SG377A|34.0	47|55|93|38|46||40.0;56|64|111|38|46||40.0;0|8|57|39|47||40.0	23|48|68|57|82|SA32CSA46G|93.0		region_not_covered	region_not_covered	region_not_covered	region_not_covered	region_not_covered	region_not_covered	region_not_covered	region_not_covered	region_not_covered	region_not_covered	TGTACAAGAGGCGGTGGGAGTTACGGCAGGGCCAACTTTGACTCCTGG	32	region_not_covered	region_not_covered	region_not_covered	region_not_covered	region_not_covered	region_not_covered	region_not_covered	CTRGGGSYGRANFDSW	region_not_covered	:::::::::23:-1:33:38:-16:-7:46:57:-3:71:::
307	1.0	0.004761904761904762	GGGAGGACACGGCTGTGTATTACTGTACAAGAGGCGGTGGGAGTTACGGCAGGGCCAACTTTGACTACTGGGGCCAGGGAAC	AAAAAEEEEEEEEEEEEEEEEEEEEEEEEEEEEEEEEEEEEEEEEEEEEEEEEEEEEEEEEEEEEEEEEEEAEEEEEEEE/E	IGHV3-74*00(117),IGHV6-1*00(117)	IGHD3-10*00(40),IGHD3-16*00(40),IGHD4-23*00(40)	IGHJ4*00(125)		339|372|393|0|33|SC339GSC340GSG365A|117.0;374|384|405|23|33|SG377A|34.0	47|55|93|38|46||40.0;56|64|111|38|46||40.0;0|8|57|39|47||40.0	23|48|68|57|82||125.0		region_not_covered	region_not_covered	region_not_covered	region_not_covered	region_not_covered	region_not_covered	region_not_covered	region_not_covered	region_not_covered	region_not_covered	TGTACAAGAGGCGGTGGGAGTTACGGCAGGGCCAACTTTGACTACTGG	36	region_not_covered	region_not_covered	region_not_covered	region_not_covered	region_not_covered	region_not_covered	region_not_covered	CTRGGGSYGRANFDYW	region_not_covered	:::::::::23:-1:33:38:-16:-7:46:57:-3:71:::
