sequence_id	sequence	rev_comp	productive	locus	v_call	d_call	j_call	c_call	sequence_alignment	germline_alignment	cdr1	cdr2	junction	junction_aa	v_cigar	d_cigar	j_cigar	v_identity	j_identity	cell_id	complete_vdj	consensus_count
assemble5_0	GGGGCAGCCGGCAGGCTGAAGATGTGTCAGTTTATTACTGTCAGCAATATTATAGTAGTCCTCCGTGGGTCACTTTCGGCGGAGGGACCAAGGTGGAGATCAATCGAACTGTGGCTGCACCATCTGTCTTCATCTTCCCGCCATCTGATGAGCAGTTGAAATCTGGAA	F	T	IGK	IGKV4-1*01		IGKJ4*01	IGKC	GCAGCCGGCAGGCTGAAGATGTGTCAGTTTATTACTGTCAGCAATATTATAGTAGTCCTCCGTGGGTCACTTTCGGCGGAGGGACCAAGGTGGAGATCAATC	GCAGCCTGCAGGCTGAAGATGTGGCAGTTTATTACTGTCAGCAATATTATAGTACTCCTCCGTGGGTCACTTTCGGCGGAGGGACCAAGGTGGAGATCAAAC			TGTCAGCAATATTATAGTAGTCCTCCGTGGGTCACTTTC	CQQYYSSPPWVTF	3S244N61M104S		69S2N36M63S	95.08	97.22		F	3
assemble5_1	GGGGCAGCCGGCAGGCTGAAGATGTGTCAGTTTATTACTGTCAGCAATATTATAGTAGTCCTCCGTGGGTCACCTTCGGCGGAGGGACCAAGGTGGAGATCAATCGAACTGTGGCTGCACCATCTGTCTTCATCTTCCCGCCATCTGATGAGCAGTTGAAATCTGGAA	F	T	IGK	IGKV4-1*01		IGKJ4*01	IGKC	GCAGCCGGCAGGCTGAAGATGTGTCAGTTTATTACTGTCAGCAATATTATAGTAGTCCTCCGTGGGTCACCTTCGGCGGAGGGACCAAGGTGGAGATCAATC	GCAGCCTGCAGGCTGAAGATGTGGCAGTTTATTACTGTCAGCAATATTATAGTACTCCTCCGTGGGTCACTTTCGGCGGAGGGACCAAGGTGGAGATCAAAC			TGTCAGCAATATTATAGTAGTCCTCCGTGGGTCACCTTC	CQQYYSSPPWVTF	3S244N61M104S		69S2N36M63S	95.08	97.22		F	1
assemble15_0	CGGGGCCGGTGAAACAATTTACGTAGAGAAGTTCCAGGGCAGACTCACCGTGACCGAAGACACATCTACAGACACTGCCTACATGGAGCTGAGCAGCCTGAGATCTGAGGACACGGCCCTGTATTATTGTGCAACAGTGAGTGGTGGATACAGCTATGCTTCGTGGGGCCAGGGAACCCTGGTCACCGTCTCCTCAGCCTCCACCAAGGGCCCATCGGTCTTCCC	F	T	IGH	IGHV1-24*01	IGHD5-18*01	IGHJ4*02	IGHG2	GGTGAAACAATTTACGTAGAGAAGTTCCAGGGCAGACTCACCGTGACCGAAGACACATCTACAGACACTGCCTACATGGAGCTGAGCAGCCTGAGATCTGAGGACACGGCCCTGTATTATTGTGCAACAGTGAGTGGTGGATACAGCTATGCTTCGTGGGGCCAGGGAACCCTGGTCACCGTCTCCTCAG	GGTGAAACAATCTACGCACAGAAGTTCCAGGGCAGAGTCACCATGACCGAGGACACATCTACAGACACAGCCTACATGGAGCTGAGCAGCCTGAGATCTGAGGACACGGCCGTGTATTACTGTGCAACAGTGAGTGGTGGATACAGCTATGGTTCGTGGGGCCAGGGAACCCTGGTCACCGTCTCCTCAG			TGTGCAACAGTGAGTGGTGGATACAGCTATGCTTCGTGG	CATVSGGYSYASW	7S165N130M88S1N	143S18M64S2N	163S14N34M28S	93.08	87.88		F	12
assemble15_1	CGGGGCCGGTGAAACAATTTACGTAGAGAAGTTCCAGGGCAGACTCACCGTGACCGAAGACACATCTACAGACACTGCCTACATGGAGCTGAGCAGCCTGAGATCTGAGGACACGGCCCTGTATTATTGTGCAACAGTGAGTGGTGGCTACAGCTATGCTTCGTGGGGCCAGGGAACCCTGGTCACCGTCTCCTCAGCCTCCACCAAGGGCCCATCGGTCTTCCC	F	T	IGH	IGHV1-24*01	IGHD5-18*01	IGHJ4*02	IGHG2	GGTGAAACAATTTACGTAGAGAAGTTCCAGGGCAGACTCACCGTGACCGAAGACACATCTACAGACACTGCCTACATGGAGCTGAGCAGCCTGAGATCTGAGGACACGGCCCTGTATTATTGTGCAACAGTGAGTGGTGGCTACAGCTATGCTTCGTGGGGCCAGGGAACCCTGGTCACCGTCTCCTCAG	GGTGAAACAATCTACGCACAGAAGTTCCAGGGCAGAGTCACCATGACCGAGGACACATCTACAGACACAGCCTACATGGAGCTGAGCAGCCTGAGATCTGAGGACACGGCCGTGTATTACTGTGCAACAGTGAGTGGTGGATACAGCTATGGTTCGTGGGGCCAGGGAACCCTGGTCACCGTCTCCTCAG			TGTGCAACAGTGAGTGGTGGCTACAGCTATGCTTCGTGG	CATVSGGYSYASW	7S165N130M88S1N	143S18M64S2N	163S14N34M28S	93.08	87.88		F	1
assemble15_2	CGGGGCCGGTGAAACAATTTACGTAGAGAAGTTCCAGGGCAGACTCACCGTGACCGAAGACACATCTACAGACACTGCCTACATGGAGCTGAGCAGCCTGAGATCTGAGGACACGGCCCTGTATTATCGGGCAACAGTGAGTGGTGGATACAGCTATGCTTCGTGGGGCCAGGGAACCCTGGTCACCGTCTCCTCAGCCTCCACCAAGGGCCCATCGGTCTTCCC	F	T	IGH	IGHV1-24*01	IGHD5-18*01	IGHJ4*02	IGHG2	GGTGAAACAATTTACGTAGAGAAGTTCCAGGGCAGACTCACCGTGACCGAAGACACATCTACAGACACTGCCTACATGGAGCTGAGCAGCCTGAGATCTGAGGACACGGCCCTGTATTATCGGGCAACAGTGAGTGGTGGATACAGCTATGCTTCGTGGGGCCAGGGAACCCTGGTCACCGTCTCCTCAG	GGTGAAACAATCTACGCACAGAAGTTCCAGGGCAGAGTCACCATGACCGAGGACACATCTACAGACACAGCCTACATGGAGCTGAGCAGCCTGAGATCTGAGGACACGGCCGTGTATTACTGTGCAACAGTGAGTGGTGGATACAGCTATGGTTCGTGGGGCCAGGGAACCCTGGTCACCGTCTCCTCAG			CGGGCAACAGTGAGTGGTGGATACAGCTATGCTTCGTGG	RATVSGGYSYASW	7S165N130M88S1N	143S18M64S2N	163S14N34M28S	93.08	87.88		F	1
assemble15_3	CGGGGCCGGTGAAACAATTTACGTAGAGAAGTTCCAGGGCAGACTCACCGTGACCGAAGACACATCTACAGACACTGCCTACATGGAGCTGAGCAGCCTGAGATCTGAGGACACGGCCCTGTATTATGCCGCAACAGTGAGTGGTGGATACAGCTATGCTTCGTGGGGCCAGGGAACCCTGGTCACCGTCTCCTCAGCCTCCACCAAGGGCCCATCGGTCTTCCC	F	T	IGH	IGHV1-24*01	IGHD5-18*01	IGHJ4*02	IGHG2	GGTGAAACAATTTACGTAGAGAAGTTCCAGGGCAGACTCACCGTGACCGAAGACACATCTACAGACACTGCCTACATGGAGCTGAGCAGCCTGAGATCTGAGGACACGGCCCTGTATTATGCCGCAACAGTGAGTGGTGGATACAGCTATGCTTCGTGGGGCCAGGGAACCCTGGTCACCGTCTCCTCAG	GGTGAAACAATCTACGCACAGAAGTTCCAGGGCAGAGTCACCATGACCGAGGACACATCTACAGACACAGCCTACATGGAGCTGAGCAGCCTGAGATCTGAGGACACGGCCGTGTATTACTGTGCAACAGTGAGTGGTGGATACAGCTATGGTTCGTGGGGCCAGGGAACCCTGGTCACCGTCTCCTCAG			GCCGCAACAGTGAGTGGTGGATACAGCTATGCTTCGTGG	AATVSGGYSYASW	7S165N130M88S1N	143S18M64S2N	163S14N34M28S	93.08	87.88		F	1
assemble31_0	GGCGCTGGAATGGCTGACATTTATACGGTATGATGGAAGTAGTAAAGACTATGCAGACTCCGTGAAGGGCCGATTCACCATCTCCAGAGACAATTCCAAGAACACAGTGTATTTGCAAATGAACAGCCTGAGAGCTGAGGACACGGCTGTGTATTACTGTGCGAAACCACCGTTTACTGGGAGTTACTTTTCTTTTGAATCGTGGGGCCAGGGAACCCTGGTCACCGTCTCCTCAGCCTCCACCAAGG	F	T	IGH	IGHV3-30*02	IGHD1-26*01	IGHJ4*02		GGCGCTGGAATGGCTGACATTTATACGGTATGATGGAAGTAGTAAAGACTATGCAGACTCCGTGAAGGGCCGATTCACCATCTCCAGAGACAATTCCAAGAACACAGTGTATTTGCAAATGAACAGCCTGAGAGCTGAGGACACGGCTGTGTATTACTGTGCGAAACCACCGTTTACTGGGAGTTACTTTTCTTTTGAATCGTGGGGCCAGGGAACCCTGGTCACCGTCTCCTCAG	GGGGCTGGAGTGGGTGGCATTTATACGGTATGATGGAAGTAATAAATACTATGCAGACTCCGTGAAGGGCCGATTCACCATCTCCAGAGACAATTCCAAGAACACGCTGTATCTGCAAATGAACAGCCTGAGAGCTGAGGACACGGCTGTGTATTACTGTGCGAAACCACCGTTTACTGGGAGCTACTTTTCTTTTGAATCGTGGGGCCAGGGAACCCTGGTCACCGTCTCCTCAG		ATACGGTATGATGGAAGTAGTAAA	TGTGCGAAACCACCGTTTACTGGGAGTTACTTTTCTTTTGAATCGTGG	CAKPPFTGSYFSFESW	128N166M82S2N	177S7N11M60S2N	202S14N34M12S	94.58	100.00		F	17
assemble252_0	CGCCCAGGCTCCAGGCAAGGGGCTGGAGTGGGTGGCCTTTATATTCTATGATGGAAGTGATAAACAATATGCCGACTCCGTGAAGGGCCGATTCACCATCTCCAGAGACAGTTCCAAGAACACGCTGTATCTGCAAATGAACAGCCTGAGAGCCGAGGACACGGCTCTATATTATTGTGTGAGAGATCAAGATGGTTCGGGTTCTGACGGTATGGATGTCTGGGGCCAAGGGACCACGGTCACCGTCTCCTCAGCCTCCACCAAGGGCCCATCGGTCTTCCCCCTGGCACCCTCCTCCAAG	F	T	IGH	IGHV3-33*01	IGHD3-10*01	IGHJ6*02	IGHG1	CCAGGCTCCAGGCAAGGGGCTGGAGTGGGTGGCCTTTATATTCTATGATGGAAGTGATAAACAATATGCCGACTCCGTGAAGGGCCGATTCACCATCTCCAGAGACAGTTCCAAGAACACGCTGTATCTGCAAATGAACAGCCTGAGAGCCGAGGACACGGCTCTATATTATTGTGTGAGAGATCAAGATGGTTCGGGTTCTGACGGTATGGATGTCTGGGGCCAAGGGACCACGGTCACCGTCTCCTCA	CCAGGCTCCAGGCAAGGGGCTGGAGTGGGTGGCAGTTATATGGTATGATGGAAGTAATAAATACTATGCAGACTCCGTGAAGGGCCGATTCACCATCTCCAGAGACAATTCCAAGAACACGCTGTATCTGCAAATGAACAGCCTGAGAGCCGAGGACACGGCTGTGTATTACTGTGCGAGAGATCAAGATGGTTCGGGTTCTGACGGTATGGACGTCTGGGGCCAAGGGACCACGGTCACCGTCTCCTCA		ATATTCTATGATGGAAGTGATAAA	TGTGTGAGAGATCAAGATGGTTCGGGTTCTGACGGTATGGATGTCTGG	CVRDQDGSGSDGMDVW	3S113N183M115S	191S8N10M100S13N	206S15N47M48S	92.90	97.87		F	15
assemble272_0	GGGCTGGCCTGAAGACTGAGGACGAGGCTGACTACTACTGTCAGTCTTATGATCCCAGCTATGTGGTATTCGGCGGAGGGACCAAGCTGACCGTCCTAGGTCAGCCCAAGGCTGC	F	T	IGL	IGLV6-57*01		IGLJ2*01		CTGGCCTGAAGACTGAGGACGAGGCTGACTACTACTGTCAGTCTTATGATCCCAGCTATGTGGTATTCGGCGGAGGGACCAAGCTGACCGTCCTAG	CTGGACTGAAGACTGAGGACGAGGCTGACTACTACTGTCAGTCTTATGATCCCAGCTATGTGGTATTCGGCGGAGGGACCAAGCTGACCGTCCTAG			TGTCAGTCTTATGATCCCAGCTATGTGGTATTC	CQSYDPSYVVF	3S235N50M62S11N		61S38M16S	98.00	100.00		F	7
assemble330_0	GGGAGGATGAGGCTGATTATTACTGTCAGTCCTATGACAGCACCCTGAGTGGTTCTTGGGTGTTCGGCGGAGGGACCAAGCTGACCGTCCT	F	T	IGL	IGLV1-40*01		IGLJ3*02		GAGGATGAGGCTGATTATTACTGTCAGTCCTATGACAGCACCCTGAGTGGTTCTTGGGTGTTCGGCGGAGGGACCAAGCTGACCGTCCT	GAGGATGAGGCTGATTATTACTGCCAGTCCTATGACAGCAGCCTGAGTGGTTCTTGGGTGTTCGGCGGAGGGACCAAGCTGACCGTCCT			TGTCAGTCCTATGACAGCACCCTGAGTGGTTCTTGGGTGTTC	CQSYDSTLSGSWVF	2S246N53M36S		55S36M2N	96.23	100.00		F	3
assemble391_0	GGGGAGGATGTTGGGGTTTATTACTGCATGCAAGCTCTACAAACCCCATTCACTTTCGGCCCTGGGACCAAAGTGGATATCAA	F	T	IGK	IGKV2-28*01		IGKJ3*01		GAGGATGTTGGGGTTTATTACTGCATGCAAGCTCTACAAACCCCATTCACTTTCGGCCCTGGGACCAAAGTGGATATCAA	GAGGATGTTGGGGTTTATTACTGCATGCAAGCTCTACAAACCCCATTCACTTTCGGCCCTGGGACCAAAGTGGATATCAA			TGCATGCAAGCTCTACAAACCCCATTCACTTTC	CMQALQTPFTF	3S255N41M39S6N		47S36M2N	100.00	100.00		F	2
assemble1168_0	CCCCCTGACGATCTCTGGGCTCCAGGCTGAGGACGAGGGTGATTATTACTGCAGCTCATATACAAGTGGCAACAATTGGGTGTTCGGCGGAGGGACCAAGCTGACCGTCCTAGGTCAGCCCAAGGCTGCCCCCTCGGTCACT	F	T	IGL	IGLV2-8*01		IGLJ3*02	IGLC2	CCCTGACGATCTCTGGGCTCCAGGCTGAGGACGAGGGTGATTATTACTGCAGCTCATATACAAGTGGCAACAATTGGGTGTTCCGGCGGAGGGACCAAGCTGACCGTCCTAG	CCCTGACCGTCTCTGGGCTCCAGGCTGAGGATGAGGCTGATTATTACTGCAGCTCATATGCAGGCAGCAACAATTTTGGGTGTTCGGCGGAGGGACCAAGCTGACCGTCCTA			TGCAGCTCATATACAAGTGGCAACAATTGGGTGTTC	CSSYTSGNNWVF	2S220N75M65S2N		75S38M29S	96.88	100.00		F	12
assemble1383_0	GGCCCGACTATTACTGTCAGGTGTGGGATAGTGGTACTGATCATCCGGGGGTGTTCGGCGGAGGGACCAAGCTGACCGTCCTAGGTCAGCCCAAGGCTGCCCCCTCGGTCACTCTGTTCC	F	T	IGL	IGLV3-21*02		IGLJ3*02	IGLC2	CCGACTATTACTGTCAGGTGTGGGATAGTGGTACTGATCATCCGGGGGTGTTCGGCGGAGGGACCAAGCTGACCGTCCTAG	CCGACTATTACTGTCAGGTGTGGGATAGTAGTAGTGATCATCCGGGGGTGTTCGGCGGAGGGACCAAGCTGACCGTCCTAG			TGTCAGGTGTGGGATAGTGGTACTGATCATCCGGGGGTGTTC	CQVWDSGTDHPGVF	3S247N43M74S		48S2N36M36S	93.02	97.14		F	2
assemble2136_0	CGGGCTCCAGGCTGAGGACGAGGCTGATTATTACTGCAGCTCATATACAAACATCATCACTCGGGTGGTATTCGGCGGAGGGACCAAGCTGACCGTCCTA	F	T	IGL	IGLV2-14*01		IGLJ2*01		GGGCTCCAGGCTGAGGACGAGGCTGATTATTACTGCAGCTCATATACAAACATCATCACTCGGGTGGTATTCGGCGGAGGGACCAAGCTGACCGTCCTA	GGGCTCCAGGCTGAGGACGAGGCTGATTATTACTGCAGCTCATATACAAACATCATCACTCGGGTGGTATTCGGCGGAGGGACCAAGCTGACCGTCCTA			TGCAGCTCATATACAAACATCATCACTCGGGTGGTATTC	CSSYTNIITRVVF	1S234N49M50S14N		64S1N36M1N	100.00	100.00		F	2
assemble2158_0	GCGGCGGGACCCAGGCTATGGATGAGGCTGAGTATTACTGTCAGGCGTGGGACAGCAGCACTGATAATTATGTCTTCGGAACTAGACCAAGGTCAACGTCCTAGGTCAGCC	F	T	IGL	IGLV3-1*01		IGLJ1*01		GCGGGACCCAGGCTATGGATGAGGCTGAGTATTACTGTCAGGCGTGGGACAGCAGCACTGATAATTATGTCTTCGGAACT-AGACCAAGGTCAACGTCCTAG	GCGGGACCCAGGCTATGGATGAGGCTGACTATTACTGTCAGGCGTGGGACAGCAGCACTGATAATTATGTCTTCGGAACTGGGACCAAGGTCACCGTCCTAG			TGTCAGGCGTGGGACAGCAGCACTGATAATTATGTCTTC	CQAWDSSTDNYVF	3S223N60M48S2N		67S16M1I21M7S	98.33	93.33		F	2
assemble2211_0	GGCCCACATATTACTGTACACACGGCATAGCAGCATCTGCTACATTGTTACTCAACTGGTTCGACCCCTGGGGCCAGGGAAC	F	T	IGH		IGHD6-13*01	IGHJ5*02						TGTACACACGGCATAGCAGCATCTGCTACATTGTTACTCAACTGGTTCGACCCCTGG	CTHGIAASATLLLNWFDPW		26S4N17M39S	52S1N30M20N		96.67		F	1
assemble2211_1	GGCCCACATATTACTGTACACACGGCATAGCAGCATCTGCTACATTGTTACTCAACTGCTTCGACCCCTGGGGCCAGGGAAC	F	T	IGH		IGHD6-13*01	IGHJ5*02						TGTACACACGGCATAGCAGCATCTGCTACATTGTTACTCAACTGCTTCGACCCCTGG	CTHGIAASATLLLNCFDPW		26S4N17M39S	52S1N30M20N		96.67		F	1
assemble3030_0	GGCCCGACTATTACTGTCAGGTGTGGGATAGTAGTAGTGATCTTCCGGATAGGGTATTCGGCGGAGGGACCAAGCTGACCGT	F	T	IGL	IGLV3-21*02		IGLJ2*01		CCGACTATTACTGTCAGGTGTGGGATAGTAGTAGTGATCTTCCGGATAGGGTATTCGGCGGAGGGACCAAGCTGACCGT	CCGACTATTACTGTCAGGTGTGGGATAGTAGTAGTGATCATCCGGATAGGGTATTCGGCGGAGGGACCAAGCTGACCGT			TGTCAGGTGTGGGATAGTAGTAGTGATCTTCCGGATAGGGTATTC	CQVWDSSSDLPDRVF	3S247N43M36S		52S3N30M5N	95.12	100.00		F	1
assemble3177_0	CGGGAGGACACAGCCCTTTATTACTGTACAACAGCGATGATTACACTTGACTTTGACTACTGGGGCCAGGGAACCCTGGTCA	F	T	IGH	IGHV3-15*01	IGHD5-18*01	IGHJ4*02		GAGGACACAGCCCTTTATTACTGTACAACAGCGATGATTACACTTGACTTTGACTACTGGGGGCCAGGGAACCCTGGTCA	GAGGACACAGCCGTGTATTACTGTACCACAGACAGCTATGGACTTGGACTTTGACTACTGGGGCCAGGGAACCCTGGTCA			TGTACAACAGCGATGATTACACTTGACTTTGACTACTGG	CTTAMITLDFDYW	3S270N31M48S1N	30S6N14M38S	49S3N33M12N	92.31	100.00		F	1
assemble3207_0	GGCCACCATCAACAGCCTGCAGCCTGAAGATTTTGCAACATATTACTGTCAACAGTTTAATAATCTCCCTTTCACTTTCGGC	F	T	IGK	IGKV1-33*01		IGKJ3*01		CACCATCAACAGCCTGCAGCCTGAAGATTTTGCAACATATTACTGTCAACAGTTTAATAATCTCCCTTTCACTTTCGGC	CACCATCAGCAGCCTGCAGCCTGAAGATATTGCAACATATTACTGTCAACAGTATGATAATCTCCCTTTCACTTTCGGC			TGTCAACAGTTTAATAATCTCCCTTTCACTTTC	CQQFNNLPFTF	3S218N67M12S2N		70S1N12M25N	96.72	100.00		F	1
assemble3265_0	CGGATTGTCAATCAGCAGACAGCAGTGGTGCTTATTATGTCTTCGGAGCTGGGACCAAGGTCACCGTCCTAGGTCAGCCCAAG	F	T	IGL	IGLV3-25*01		IGLJ1*01		TGTCAATCAGCAGACAGCAGTGGTGCTTATTATGTCTTCCGGAGCTGGGACCAAGGTCACCGTCCTAG	TGTCAATCAGCAGACAGCAGTGGTACTTATTTATGTCTTCGGAACTGGGACCAAGGTCACCGTCCTAG			TGTCAATCAGCAGACAGCAGTGGTGCTTATTATGTCTTC	CQSADSSGAYYVF	5S258N30M48S2N		34S38M11S	96.67	97.37		F	1
