#count	frequency	CDR3nt	CDR3aa	V	D	J	C	cid	cid_full_length
3	1.071429e-01	TGTCAGCAATATTATTATAGTCCTCCGTGGACGTTC	CQQYYYSPPWTF	IGKV4-1*01	.	IGKJ1*01	IGKC	assemble1072	0
2	1.538462e-01	TGTTGAAGGTCTCAAACATGATCTGGGGCATCTTCTCGCGGGTGGCCTTGG	C_RSQT_SGASSRGWPW	IGHV3-47*01	IGHD2-15*01	.	.	assemble3519	0
2	7.142857e-02	TGTTGCTCATATGCAAATGTAGCCAACTATCTCTTC	CCSYANVANYLF	IGLV2-11*01	.	IGLJ2*01	IGLC	assemble475	0
2	7.142857e-02	TGTCTTCTGTATTTGGGTCGTGGCATTTGGGTGTTC	CLLYLGRGIWVF	IGLV8-61*01	.	IGLJ3*02	IGLC	assemble464	0
1	3.571429e-02	TGCGTGCTGTATATGAGTACTGACATTTGGGTGTTC	CVLYMSTDIWVF	IGLV8-61*01	.	IGLJ3*02	IGLC	assemble3489	0
1	3.571429e-02	TGTCAGCAGTATGTTGAATCAGGATTCACTTTC	CQQYVESGFTF	IGKV3-20*01	.	IGKJ3*01	IGKC	assemble3700	0
1	3.571429e-02	TGCATGCAAGCTCTACAAACCCGGTACACTTTT	CMQALQTRYTF	IGKV2-28*01	.	IGKJ2*01	IGKC	assemble1836	0
1	3.571429e-02	TGTCAGTCTTATGACAACAGTCTGAATAATAGGGTGTTC	CQSYDNSLNNRVF	IGLV1-40*01	.	IGLJ3*02	IGLC	assemble3498	0
1	3.571429e-02	TGTCTTCAGCGTTACACCTGGCCTCAAACTTTT	CLQRYTWPQTF	IGKV3-11*01	.	IGKJ2*01	IGKC	assemble3668	0
1	3.571429e-02	TGCTCCTCATATGCAGGTACTAGACATAGGGTGTTC	CSSYAGTRHRVF	IGLV2-23*01	.	IGLJ3*02	IGLC	assemble3298	0
1	3.571429e-02	TGCTTGGTCTCCCATAATGGTGTTAGGGTATTC	CLVSHNGVRVF	IGLV7-46*01	.	IGLJ2*01	IGLC	assemble3632	0
1	7.692308e-02	TGCACCACAGATGCGAGCGCCGCCCACCCACATGAGCACTGG	CTTDASAAHPHEHW	.	IGHD6-19*01	IGHJ1*01	.	assemble3446	0
1	3.571429e-02	TGTGCAGCATGGGATGACAGCCTGAGTGGTTGGGTGTTC	CAAWDDSLSGWVF	IGLV1-47*01	.	IGLJ3*02	IGLC	assemble3511	0
1	7.692308e-02	TGTGCAAGAGATGTCGATAGCAGCAGCCCTAACTGGTTCGACCCCTGG	CARDVDSSSPNWFDPW	IGHV3-74*01	IGHD1-20*01	IGHJ5*02	.	assemble3642	0
1	7.692308e-02	TGTGCGAGGGAATATGACAGCAGGGCCCGCTTTGACTACTGG	CAREYDSRARFDYW	IGHV3-21*01	IGHD2-21*02	IGHJ4*02	.	assemble3557	0
1	3.571429e-02	TGTCATCAATATTATAGTATGCCGTACACTTTT	CHQYYSMPYTF	IGKV4-1*01	.	IGKJ2*01	IGKC	assemble3573	0
1	3.571429e-02	TGTCAGACTTATGATACCCACAATCTGGTGTTC	CQTYDTHNLVF	IGLV6-57*01	.	IGLJ3*02	IGLC	assemble3449	0
1	7.692308e-02	TGCGCTAGAGAATTCCACCCGTCTGCGGTGACTCGCGTTTTTGACTCCTGG	CAREFHPSAVTRVFDSW	.	IGHD3-9*01	IGHJ4*02	.	assemble3762	0
1	3.571429e-02	TGCCAGTCTTATGACTACAGTCTGAGGTATGTCTTC	CQSYDYSLRYVF	IGLV1-40*01	.	IGLJ1*01	IGLC	assemble3710	0
1	7.692308e-02	TGTGTCCGAGGAAGAGACACGTTTGACTACTGG	CVRGRDTFDYW	IGHV3-35*01	IGHD2-21*02	IGHJ4*02	.	assemble3607	0
1	3.571429e-02	TGTCAGCAATATCTTGGTCTTCCGTGGACGTTC	CQQYLGLPWTF	IGKV4-1*01	.	IGKJ1*01	IGKC	assemble3453	0
1	7.692308e-02	TGTGCGAGAGATCAAAGTGGCTACGATGGGGTTGGCTTTGACTTCTGG	CARDQSGYDGVGFDFW	IGHV3-48*03	IGHD5-12*01	IGHJ4*02	.	assemble3835	0
1	3.571429e-02	TGTCAGCAATTTTATAGTGCCCCTCGGACGTTC	CQQFYSAPRTF	IGKV4-1*01	.	IGKJ1*01	IGKC	assemble3371	0
1	7.692308e-02	TGTGCCAGGGGGCTACTGGGGGACCCCCCGGGCCTTGACTATTGG	CARGLLGDPPGLDYW	IGHV3-21*01	IGHD1-26*01	IGHJ4*02	.	assemble3713	0
1	3.571429e-02	TGCAGCTCATATACAAACACCGCCATCGTGTTATTC	CSSYTNTAIVLF	IGLV2-14*01	.	IGLJ2*01	IGLC	assemble3685	0
1	7.692308e-02	TGTACCACTTCCCCCCACCAGTTCGGTGATTCGTTTCTGGCCTACTGG	CTTSPHQFGDSFLAYW	IGHV3-15*01	IGHD3-16*01	IGHJ4*02	.	assemble3768	0
1	3.571429e-02	TGCATGCAAGGTCTGCAAACTCCATTCACTTTC	CMQGLQTPFTF	IGKV2-28*01	.	IGKJ3*01	IGKC	assemble3546	0
1	3.571429e-02	TGCATGCAAGGTCTACAAACTGCATTCACTTTC	CMQGLQTAFTF	IGKV2-28*01	.	IGKJ3*01	IGKC	assemble3546	0
1	7.692308e-02	TGTGTGAGAGACTTGGGCTTCTACTACGACACTATTCCCCAATGG	CVRDLGFYYDTIPQW	IGHV3-35*01	IGHD2-15*01	IGHJ4*02	.	assemble3630	0
1	3.571429e-02	TGCCAACATCACAAGACTTATTCATACACTTTT	CQHHKTYSYTF	IGKV1-5*01	.	IGKJ2*01	IGKC	assemble3697	0
1	3.571429e-02	TGTCAACACAGTTACAGTACCCCTTGGATGTTC	CQHSYSTPWMF	IGKV1-39*01	.	IGKJ1*01	IGKC	assemble3392	0
1	7.692308e-02	TGCACAAGAGAGCAGGATGGTTTTGATATCTGG	CTREQDGFDIW	IGHV3-13*01	IGHD3-3*01	IGHJ3*02	.	assemble3730	0
1	3.571429e-02	TGACAACAATATGATTCTTACATATATACTTTT	_QQYDSYIYTF	IGKV1-5*01	.	IGKJ2*01	IGKC	assemble3589	0
1	3.571429e-02	TGTGCAGCTTGGGATGACAGCCTGGATGGCGTGGTATTC	CAAWDDSLDGVVF	IGLV1-36*01	.	IGLJ2*01	IGLC	assemble3788	0
1	3.571429e-02	TGTCAGCAATATTATAGTACTCCCCTGGCTTCTTTT	CQQYYSTPLASF	IGKV4-1*01	.	IGKJ2*01	IGKC	assemble3375	0
1	1.000000e+00	GGCCTCGTGGAATTTTGTCTTT	out_of_frame	TRAV4*01	.	TRAJ26*01	.	assemble3760	0
1	7.692308e-02	TGTGCGAAAGTCCTCACCGCTAGTAGTGGCTGGCACTACTGG	CAKVLTASSGWHYW	.	IGHD6-19*01	IGHJ4*02	.	assemble3644	0
