cloneId	readCount	readFraction	uniqueMoleculeCount	uniqueMoleculeFraction	targetSequences	targetQualities	allVHitsWithScore	allDHitsWithScore	allJHitsWithScore	allCHitsWithScore	allVAlignments	allDAlignments	allJAlignments	allCAlignments	nSeqCDR3	minQualCDR3	aaSeqCDR3	refPoints	isotype
3	12959.0	0.06034374374281151	29	0.03368176538908246	TGTGCTGTTTTCACGGGAGGAGGAAACAAACTCACCTTT	[[[[[[[[[[[[[[[[[[[[[[[[[[[[[[[[[[[[[[[	TRAV2*00(1642.6)		TRAJ10*00(598.7)	TRAC*00(105)	344|352|378|0|8||80.0		24|53|84|10|39||290.0		TGTGCTGTTTTCACGGGAGGAGGAAACAAACTCACCTTT	58	CAVFTGGGNKLTF	:::::::::0:-6:8:::::10:-4:39:::	
2	8450.0	0.03934752948736455	34	0.03948896631823461	TGTGCTCTAGACGGATATTCGGACACGGGCAGGAGAGCACTTACTTTT	[[[[[[[[[[[[[[[[[[[[[[[[[[[[[[[[[[[[[[[[[[[[[[[[	TRAV6*00(1280.7)		TRAJ5*00(588.5)	TRAC*00(104.8)	347|359|380|0|12||120.0		21|49|80|20|48||280.0		TGTGCTCTAGACGGATATTCGGACACGGGCAGGAGAGCACTTACTTTT	58	CALDGYSDTGRRALTF	:::::::::0:-1:12:::::20:-1:48:::	
12	6864.0	0.03196230087588998	16	0.018583042973286876	TGTGCTCTTGGGGAACTAAAGGCTGCAGGCAACAAGCTAACTTTT	[[[[[[[[[[[[[[[[[[[[[[[[[[[[[[[[[[[[[[[[[[[[[	TRDV1*00(1724)		TRAJ17*00(550)	TRAC*00(104.9)	350|368|387|0|18||180.0		25|52|83|18|45|SA27G|241.0		TGTGCTCTTGGGGAACTAAAGGCTGCAGGCAACAAGCTAACTTTT	58	CALGELKAAGNKLTF	:::::::::0:1:18:::::18:-5:45:::	
17	5943.0	0.027673652987385507	14	0.016260162601626018	TGTGCTGTGAGTGATCGAACTGCTCTGATCTTT	[[[[[[[[[[[[[[[[[[[[[[[[[[[[[[[[[	TRAV8-6*00(961.7)		TRAJ15*00(478.4)	TRAC*00(104.9)	347|363|381|0|16||160.0		32|49|80|16|33||170.0		TGTGCTGTGAGTGATCGAACTGCTCTGATCTTT	58	CAVSDRTALIF	:::::::::0:2:16:::::16:-12:33:::	
30	5051.0	0.02352004395747673	11	0.012775842044134728	TGTGCAATGATCTCTTATTCTGGGGGTTACCAGAAAGTTACCTTT	[[[[[[[[[[[[[[[[[[[[[[[[[[[[[[[[[[[[[[[[[[[[[	TRAV12-3*00(1375.8)		TRAJ13*00(569.9)	TRAC*00(104.8)	350|360|383|0|10||100.0		23|52|83|16|45||290.0		TGTGCAATGATCTCTTATTCTGGGGGTTACCAGAAAGTTACCTTT	58	CAMISYSGGYQKVTF	:::::::::0:-3:10:::::16:-3:45:::	
10	4713.0	0.021946142777982146	18	0.020905923344947737	TGTGCTCTGAGTGAGGCGGGAACCTCCTACGACAAGGTGATATTT	[[[[[[[[[[[[[[[[[[[[[[[[[[[[[[[[[[[[[[[[[[[[[	TRAV19*00(1634.3)		TRAJ50*00(559.1)	TRAC*00(104.9)	353|371|390|0|18||180.0		24|49|80|20|45||250.0		TGTGCTCTGAGTGAGGCGGGAACCTCCTACGACAAGGTGATATTT	58	CALSEAGTSYDKVIF	:::::::::0:1:18:::::20:-4:45:::	
66	4037.0	0.018798340418992983	7	0.008130081300813009	TGTGCAATGACGGGCACCGGTAACCAGTTCTATTTT	[[[[[[[[[[[[[[[[[[[[[[[[[[[[[[[[[[[[	TRAV14DV4*00(999.7)		TRAJ49*00(528.6)	TRAC*00(104.9)	353|363|390|0|10||100.0		23|45|76|14|36||220.0		TGTGCAATGACGGGCACCGGTAACCAGTTCTATTTT	58	CAMTGTGNQFYF	:::::::::0:-7:10:::::14:-3:36:::	
4	3582.0	0.016679627292750274	27	0.0313588850174216	TGTGCTCTAGGCACGGGAGGAGGAAACAAACTCACCTTT	[[[[[[[[[[[[[[[[[[[[[[[[[[[[[[[[[[[[[[[	TRAV16*00(1490.6)		TRAJ10*00(588.3)	TRAC*00(104.8)	335|344|369|0|9||90.0		25|53|84|11|39||280.0		TGTGCTCTAGGCACGGGAGGAGGAAACAAACTCACCTTT	58	CALGTGGGNKLTF	:::::::::0:-5:9:::::11:-5:39:::	
60	3450.0	0.016064967660521623	7	0.008130081300813009	TGTGTGGGCACGGGAGGAGGAAACAAACTCACCTTT	[[[[[[[[[[[[[[[[[[[[[[[[[[[[[[[[[[[[	TRAV12-1*00(1241.2)		TRAJ10*00(588.1)	TRAC*00(104.8)	344|351|377|0|7||70.0		25|53|84|8|36||280.0		TGTGTGGGCACGGGAGGAGGAAACAAACTCACCTTT	58	CVGTGGGNKLTF	:::::::::0:-6:7:::::8:-5:36:::	
11	2663.0	0.012400292428976546	17	0.019744483159117306	TGCATCGTCAGACTCGGGGGTTACCAGAAAGTTACCTTT	[[[[[[[[[[[[[[[[[[[[[[[[[[[[[[[[[[[[[[[	TRAV26-1*00(975.7)		TRAJ13*00(519.3)	TRAC*00(104.9)	332|348|368|0|16|SG344C|131.0		28|52|83|15|39||240.0		TGCATCGTCAGACTCGGGGGTTACCAGAAAGTTACCTTT	58	CIVRLGGYQKVTF	:::::::::0:0:16:::::15:-8:39:::	
124	2568.0	0.01195792375426653	4	0.004645760743321719	TGTGCTGTAACAGGCTTTCAGAAACTTGTATTT	[[[[[[[[[[[[[[[[[[[[[[[[[[[[[[[[[	TRAV2*00(1936)		TRAJ8*00(549.1)	TRAC*00(104.9)	344|352|378|0|8||80.0		25|49|80|9|33||240.0		TGTGCTGTAACAGGCTTTCAGAAACTTGTATTT	58	CAVTGFQKLVF	:::::::::0:-6:8:::::9:-5:33:::	
170	2496.0	0.011622654863959992	3	0.003484320557491289	TGTGCTGCGCATGAAGGCACCGACAAGCTCATCTTT	[[[[[[[[[[[[[[[[[[[[[[[[[[[[[[[[[[[[	TRAV17*00(1556.5)		TRAJ34*00(498.8)	TRAC*00(104.8)	344|353|377|0|9|SA350G|61.0		28|47|78|17|36||190.0		TGTGCTGCGCATGAAGGCACCGACAAGCTCATCTTT	58	CAAHEGTDKLIF	:::::::::0:-4:9:::::17:-8:36:::	
32	2248.0	0.010467839797348583	10	0.011614401858304297	TGTGCTGTCAGATCCCACCGAAACACCGGTAACCAGTTCTATTTT	[[[[[[[[[[[[[[[[[[[[[[[[[[[[[[[[[[[[[[[[[[[[[	TRAV41*00(1913.2)		TRAJ49*00(548.7)	TRAC*00(104.6)	344|358|376|0|14||140.0		21|45|76|21|45||240.0		TGTGCTGTCAGATCCCACCGAAACACCGGTAACCAGTTCTATTTT	58	CAVRSHRNTGNQFYF	:::::::::0:2:14:::::21:-1:45:::	
118	2182.0	0.010160509981234255	4	0.004645760743321719	TGTGCTTATAGGAGCGCGATTTGGGAAACCTCCTACGACAAGGTGATATTT	[[[[[[[[[[[[[[[[[[[[[[[[[[[[[[[[[[[[[[[[[[[[[[[[[[[	TRAV38-2DV8*00(1824.5)		TRAJ50*00(569.2)	TRAC*00(104.9)	353|371|389|0|18||180.0		23|49|80|25|51||260.0		TGTGCTTATAGGAGCGCGATTTGGGAAACCTCCTACGACAAGGTGATATTT	58	CAYRSAIWETSYDKVIF	:::::::::0:2:18:::::25:-3:51:::	
16	2103.0	0.009792645504370137	14	0.016260162601626018	TGTGTTGTGAGTGACTCTTATAACCAGGGAGGAAAGCTTATCTTC	[[[[[[[[[[[[[[[[[[[[[[[[[[[[[[[[[[[[[[[[[[[[[	TRAV8-2*00(810.5)		TRAJ23*00(588.6)	TRAC*00(104.8)	347|361|381|0|14||140.0		24|52|83|17|45||280.0		TGTGTTGTGAGTGACTCTTATAACCAGGGAGGAAAGCTTATCTTC	58	CVVSDSYNQGGKLIF	:::::::::0:0:14:::::17:-4:45:::	
88	1974.0	0.00919195540923759	5	0.005807200929152149	TGTGCTGTCTCCACCGGTAACCAGTTCTATTTT	[[[[[[[[[[[[[[[[[[[[[[[[[[[[[[[[[	TRAV21*00(1697.2)		TRAJ49*00(527.8)	TRAC*00(104.7)	344|352|376|0|8||80.0		23|45|76|11|33||220.0		TGTGCTGTCTCCACCGGTAACCAGTTCTATTTT	58	CAVSTGNQFYF	:::::::::0:-4:8:::::11:-3:33:::	
106	1870.0	0.008707678123239256	5	0.005807200929152149	TGTGCAGCAAGTACCTCAGGAACCTACAAATACATCTTT	[[[[[[[[[[[[[[[[[[[[[[[[[[[[[[[[[[[[[[[	TRAV13-1*00(1810.6)		TRAJ40*00(588.9)	TRAC*00(104.9)	344|357|377|0|13||130.0		22|50|81|11|39||280.0		TGTGCAGCAAGTACCTCAGGAACCTACAAATACATCTTT	58	CAASTSGTYKYIF	:::::::::0:0:13:::::11:-2:39:::	
120	1816.0	0.008456226455509353	4	0.004645760743321719	TGTGCTCTGAGTGAGGCGTCAGGGTTTTCAGATGGCCAGAAGCTGCTCTTT	[[[[[[[[[[[[[[[[[[[[[[[[[[[[[[[[[[[[[[[[[[[[[[[[[[[	TRAV19*00(1470.9)		TRAJ16*00(569.2)	TRAC*00(104.8)	353|371|390|0|18||180.0		20|49|80|22|51||290.0		TGTGCTCTGAGTGAGGCGTCAGGGTTTTCAGATGGCCAGAAGCTGCTCTTT	58	CALSEASGFSDGQKLLF	:::::::::0:1:18:::::22:0:51:::	
125	1792.0	0.008344470158740507	4	0.004645760743321719	TGTGCTGCGCGCATGAACACAGGCTTTCAGAAACTTGTATTT	[[[[[[[[[[[[[[[[[[[[[[[[[[[[[[[[[[[[[[[[[[	TRAV1-2*00(1092.5)		TRAJ8*00(618.4)	TRAC*00(104.9)	332|339|366|0|7||70.0		18|49|80|11|42||310.0		TGTGCTGCGCGCATGAACACAGGCTTTCAGAAACTTGTATTT	58	CAARMNTGFQKLVF	:::::::::0:-7:7:::::11:2:42:::	
330	1700.0	0.007916071021126597	2	0.0023228803716608595	TGTGCAGCAAGTCGCCAAAATCAGGGAGCCCAGAAGCTGGTATTT	[[[[[[[[[[[[[[[[[[[[[[[[[[[[[[[[[[[[[[[[[[[[[	TRAV13-1*00(1624.4)		TRAJ54*00(560.1)	TRAC*00(104.9)	344|356|377|0|12||120.0		21|49|80|17|45|ST23A|251.0		TGTGCAGCAAGTCGCCAAAATCAGGGAGCCCAGAAGCTGGTATTT	58	CAASRQNQGAQKLVF	:::::::::0:-1:12:::::17:-1:45:::	
173	1649.0	0.0076785888904927985	3	0.003484320557491289	TGTGCCCCAGGGACCGACAAGCTCATCTTT	[[[[[[[[[[[[[[[[[[[[[[[[[[[[[[	TRAV12-3*00(1214.1)		TRAJ34*00(488.9)	TRAC*00(104.7)	350|355|383|0|5||50.0		29|47|78|12|30||180.0		TGTGCCCCAGGGACCGACAAGCTCATCTTT	58	CAPGTDKLIF	:::::::::0:-8:5:::::12:-9:30:::	
252	1588.0	0.007394541636205315	2	0.0023228803716608595	TGTGCTGTTAACACCGGTAACCAGTTCTATTTT	[[[[[[[[[[[[[[[[[[[[[[[[[[[[[[[[[	TRAV21*00(1681.6)		TRAJ49*00(549.2)	TRAC*00(104.7)	344|352|376|0|8||80.0		21|45|76|9|33||240.0		TGTGCTGTTAACACCGGTAACCAGTTCTATTTT	58	CAVNTGNQFYF	:::::::::0:-4:8:::::9:-1:33:::	
39	1577.0	0.00734332000018626	9	0.010452961672473868	TGTGCTCTAGACAGTTCTATGGACACGGGCAGGAGAGCACTTACTTTT	[[[[[[[[[[[[[[[[[[[[[[[[[[[[[[[[[[[[[[[[[[[[[[[[	TRAV6*00(1799)		TRAJ5*00(609.4)	TRAC*00(104.7)	347|366|380|0|19|ST360GSG361T|132.0		16|49|80|15|48|SC18T|301.0		TGTGCTCTAGACAGTTCTATGGACACGGGCAGGAGAGCACTTACTTTT	58	CALDSSMDTGRRALTF	:::::::::0:6:19:::::15:4:48:::	
87	1557.0	0.007250189752878888	5	0.005807200929152149	TGTGCTCTACACAATAACAATGACATGCGCTTT	[[[[[[[[[[[[[[[[[[[[[[[[[[[[[[[[[	TRAV6*00(1662.9)		TRAJ43*00(539.4)	TRAC*00(104.9)	347|360|380|0|13|SG356C|101.0		20|43|74|10|33||230.0		TGTGCTCTACACAATAACAATGACATGCGCTTT	58	CALHNNNDMRF	:::::::::0:0:13:::::10:0:33:::	
33	1522.0	0.0070872118200909886	10	0.011614401858304297	TGTGCTGCAGGTTCTTATGGAGGAAGCCAAGGAAATCTCATCTTT	[[[[[[[[[[[[[[[[[[[[[[[[[[[[[[[[[[[[[[[[[[[[[	TRAV8-5*00(1884.4)		TRAJ42*00(618.3)	TRAC*00(104.9)	1424|1436|1458|0|12||120.0		24|55|86|14|45||310.0		TGTGCTGCAGGTTCTTATGGAGGAAGCCAAGGAAATCTCATCTTT	58	CAAGSYGGSQGNLIF	:::::::::0:-2:12:::::14:-4:45:::	
169	1514.0	0.00704995972116804	3	0.003484320557491289	TGTGCTGTGAGAGACGGAATGAATAACAATGACATGCGCTTT	[[[[[[[[[[[[[[[[[[[[[[[[[[[[[[[[[[[[[[[[[[	TRAV3*00(1524)		TRAJ43*00(519.5)	TRAC*00(104.9)	347|362|383|0|15||150.0		22|43|74|21|42||210.0		TGTGCTGTGAGAGACGGAATGAATAACAATGACATGCGCTTT	58	CAVRDGMNNNDMRF	:::::::::0:-1:15:::::21:-2:42:::	
56	1505.0	0.007008051109879722	8	0.009291521486643438	TGTGCAATGAGCACGGGAGGAGGAAACAAACTCACCTTT	[[[[[[[[[[[[[[[[[[[[[[[[[[[[[[[[[[[[[[[	TRAV12-3*00(1085.5)		TRAJ10*00(578.5)	TRAC*00(104.8)	350|365|383|0|15|SG362A|121.0		25|53|84|11|39||280.0		TGTGCAATGAGCACGGGAGGAGGAAACAAACTCACCTTT	58	CAMSTGGGNKLTF	:::::::::0:2:15:::::11:-5:39:::	
152	1386.0	0.006453926138400861	4	0.004645760743321719	TGTGCAGAGACCCGGACTCTCGGTGGTGCTACAAACAAGCTCATCTTT	[[[[[[[[[[[[[[[[[[[[[[[[[[[[[[[[[[[[[[[[[[[[[[[[	TRAV13-2*00(1500.7)		TRAJ32*00(577.6)	TRAC*00(104.7)	347|357|380|0|10||100.0		28|55|86|21|48||270.0		TGTGCAGAGACCCGGACTCTCGGTGGTGCTACAAACAAGCTCATCTTT	58	CAETRTLGGATNKLIF	:::::::::0:-3:10:::::21:-8:48:::	
406	1362.0	0.006342169841632015	1	0.0011614401858304297	TGTGCTCTGAGTGAGGCCGAAGGCTTTCAGAAACTTGTATTT	NNNNNNNNNNNNNNNNNNNNNNNNNNNNNNNNNNNNNNNNNN	TRAV19*00(1971.8)		TRAJ8*00(529)	TRAC*00(104.8)	353|370|390|0|17||170.0		27|49|80|20|42||220.0		TGTGCTCTGAGTGAGGCCGAAGGCTTTCAGAAACTTGTATTT	45	CALSEAEGFQKLVF	:::::::::0:0:17:::::20:-7:42:::	
331	1310.0	0.006100031198632848	2	0.0023228803716608595	TGTGCAGCAAGTAAAGGAGGCTTCAAAACTATCTTT	[[[[[[[[[[[[[[[[[[[[[[[[[[[[[[[[[[[[	TRAV13-1*00(1788.2)		TRAJ9*00(518.7)	TRAC*00(104.8)	344|357|377|0|13||130.0		29|50|81|15|36||210.0		TGTGCAGCAAGTAAAGGAGGCTTCAAAACTATCTTT	58	CAASKGGFKTIF	:::::::::0:0:13:::::15:-9:36:::	
126	1295.0	0.006030183513152319	4	0.004645760743321719	TGTGCTGGGCAGGAACGTTCGAACACCGGTAACCAGTTCTATTTT	[[[[[[[[[[[[[[[[[[[[[[[[[[[[[[[[[[[[[[[[[[[[[	TRAV35*00(1885.2)		TRAJ49*00(598.2)	TRAC*00(104.7)	338|350|370|0|12||120.0		16|45|76|16|45||290.0		TGTGCTGGGCAGGAACGTTCGAACACCGGTAACCAGTTCTATTTT	58	CAGQERSNTGNQFYF	:::::::::0:0:12:::::16:4:45:::	
19	1277.0	0.005946366290575685	13	0.015098722415795587	TGTGCAGCAAGTATACTCCCCAACCAGGCAGGAACTGCTCTGATCTTT	[[[[[[[[[[[[[[[[[[[[[[[[[[[[[[[[[[[[[[[[[[[[[[[[	TRAV13-1*00(1656.9)		TRAJ15*00(598.6)	TRAC*00(104.9)	344|361|377|0|17||170.0		20|49|80|19|48||290.0		TGTGCAGCAAGTATACTCCCCAACCAGGCAGGAACTGCTCTGATCTTT	58	CAASILPNQAGTALIF	:::::::::0:4:17:::::19:0:48:::	
267	1264.0	0.005885831629825893	2	0.0023228803716608595	TGTGCCGTGAACGGAAGCTTTCAGAAACTTGTATTT	[[[[[[[[[[[[[[[[[[[[[[[[[[[[[[[[[[[[	TRAV12-2*00(1985)		TRAJ8*00(509.4)	TRAC*00(104.9)	350|362|383|0|12||120.0		20|49|80|7|36|SA25GSC26GSG28A|203.0		TGTGCCGTGAACGGAAGCTTTCAGAAACTTGTATTT	58	CAVNGSFQKLVF	:::::::::0:-1:12:::::7:0:36:::	
162	1259.0	0.00586254906799905	3	0.003484320557491289	TGTGCTCTTGGGGAACTAGTTGCTGCAGGCAACAAGCTAACTTTT	[[[[[[[[[[[[[[[[[[[[[[[[[[[[[[[[[[[[[[[[[[[[[	TRDV1*00(1552.9)		TRAJ17*00(545.2)	TRAC*00(104.9)	350|371|387|0|21||210.0		28|52|83|21|45||240.0		TGTGCTCTTGGGGAACTAGTTGCTGCAGGCAACAAGCTAACTTTT	58	CALGELVAAGNKLTF	:::::::::0:4:21:::::21:-8:45:::	
268	1258.0	0.005857892555633681	2	0.0023228803716608595	TGTGCCGGATACACGGGAGGAGGAAACAAACTCACCTTT	[[[[[[[[[[[[[[[[[[[[[[[[[[[[[[[[[[[[[[[	TRAV12-2*00(1896.6)		TRAJ10*00(589.5)	TRAC*00(104.9)	350|357|383|0|7||70.0		25|53|84|11|39||280.0		TGTGCCGGATACACGGGAGGAGGAAACAAACTCACCTTT	58	CAGYTGGGNKLTF	:::::::::0:-6:7:::::11:-5:39:::	
389	1254.0	0.0058392665061722075	1	0.0011614401858304297	TGTGCTCTTGCAGATGGCCAGAAGCTGCTCTTT	NNNNNNNNNNNNNNNNNNNNNNNNNNNNNNNNN	TRDV1*00(1613.4)		TRAJ16*00(511)	TRAC*00(104.8)	350|360|387|0|10||100.0		23|49|80|7|33|ST25G|231.0		TGTGCTCTTGCAGATGGCCAGAAGCTGCTCTTT	45	CALADGQKLLF	:::::::::0:-7:10:::::7:-3:33:::	
238	1234.0	0.005746136258864836	2	0.0023228803716608595	TGTCTTCTGGGTCTAACTTTGGAAATGAGAAATTAACCTTT	[[[[[[[[[[[[[[[[[[[[[[[[[[[[[[[[[[[[[[[[[	TRAV40*00(1835.9)		TRAJ48*00(609.6)	TRAC*00(104.9)	323|334|357|0|11||110.0		22|52|83|11|41||300.0		TGTCTTCTGGGTCTAACTTTGGAAATGAGAAATTAACCTTT	58	CLLGLTL_NEKLTF	:::::::::0:-3:11:::::11:-2:41:::	
164	1222.0	0.005690258110480412	3	0.003484320557491289	TGTGCTCTAAGCCCGGGAGGAGGAAACAAACTCACCTTT	[[[[[[[[[[[[[[[[[[[[[[[[[[[[[[[[[[[[[[[	TRAV16*00(1326.6)		TRAJ10*00(569.2)	TRAC*00(104.9)	335|346|369|0|11||110.0		27|53|84|13|39||260.0		TGTGCTCTAAGCCCGGGAGGAGGAAACAAACTCACCTTT	58	CALSPGGGNKLTF	:::::::::0:-3:11:::::13:-7:39:::	
419	1207.0	0.0056204104249998835	1	0.0011614401858304297	TGTGCTGTCTTTACGGGAGGAGGAAACAAACTCACCTTT	NNNNNNNNNNNNNNNNNNNNNNNNNNNNNNNNNNNNNNN	TRAV21*00(1672.1)		TRAJ10*00(578.5)	TRAC*00(104.9)	344|352|376|0|8||80.0		26|53|84|12|39||270.0		TGTGCTGTCTTTACGGGAGGAGGAAACAAACTCACCTTT	45	CAVFTGGGNKLTF	:::::::::0:-4:8:::::12:-6:39:::	
464	1203.0	0.00560178437553841	1	0.0011614401858304297	TGTGCTACGGACGAGGGCAATGCCAGACTCATGTTT	NNNNNNNNNNNNNNNNNNNNNNNNNNNNNNNNNNNN	TRAV17*00(1471.8)		TRAJ31*00(498.7)	TRAC*00(104.8)	344|357|377|0|13||130.0		27|46|77|17|36||190.0		TGTGCTACGGACGAGGGCAATGCCAGACTCATGTTT	45	CATDEGNARLMF	:::::::::0:0:13:::::17:-7:36:::	
31	1175.0	0.005471402029308089	10	0.011614401858304297	TGTGCTCCCGAGAAAGGGGCGGGCAGGAGAGCACTTACTTTT	[[[[[[[[[[[[[[[[[[[[[[[[[[[[[[[[[[[[[[[[[[	TRAV6*00(1442.6)		TRAJ5*00(538)	TRAC*00(105)	347|354|380|0|7||70.0		26|49|80|19|42||230.0		TGTGCTCCCGAGAAAGGGGCGGGCAGGAGAGCACTTACTTTT	58	CAPEKGAGRRALTF	:::::::::0:-6:7:::::19:-6:42:::	
677	1172.0	0.005457432492211983	1	0.0011614401858304297	TGTGCAGCGCGGCGGAATGACAAGATCATCTTT	NNNNNNNNNNNNNNNNNNNNNNNNNNNNNNNNN	TRAV13-1*00(1622)		TRAJ30*00(478.6)	TRAC*00(104.8)	344|352|377|0|8||80.0		29|46|77|16|33||170.0		TGTGCAGCGCGGCGGAATGACAAGATCATCTTT	45	CAARRNDKIIF	:::::::::0:-5:8:::::16:-9:33:::	
414	1164.0	0.005420180393289034	1	0.0011614401858304297	TGTGCTCCCAATTCTGGGGGTTACCAGAAAGTTACCTTT	NNNNNNNNNNNNNNNNNNNNNNNNNNNNNNNNNNNNNNN	TRAV6*00(1444.5)		TRAJ13*00(579.6)	TRAC*00(104.8)	347|354|380|0|7||70.0		22|52|83|9|39||300.0		TGTGCTCCCAATTCTGGGGGTTACCAGAAAGTTACCTTT	45	CAPNSGGYQKVTF	:::::::::0:-6:7:::::9:-2:39:::	
478	1159.0	0.005396897831462191	1	0.0011614401858304297	TGTGCCGTGGGGAGGGGTGGTGCTACAAACAAGCTCATCTTT	NNNNNNNNNNNNNNNNNNNNNNNNNNNNNNNNNNNNNNNNNN	TRAV12-2*00(1882.6)		TRAJ32*00(579.4)	TRAC*00(104.8)	350|359|383|0|9||90.0		28|55|86|15|42||270.0		TGTGCCGTGGGGAGGGGTGGTGCTACAAACAAGCTCATCTTT	45	CAVGRGGATNKLIF	:::::::::0:-4:9:::::15:-8:42:::	
395	1154.0	0.005373615269635349	1	0.0011614401858304297	TGTGCTCTGGTGGATCAGGGAGCCCAGAAGCTGGTATTT	NNNNNNNNNNNNNNNNNNNNNNNNNNNNNNNNNNNNNNN	TRAV9-2*00(1920.7)		TRAJ54*00(558.8)	TRAC*00(104.9)	344|353|378|0|9||90.0		24|49|80|14|39||250.0		TGTGCTCTGGTGGATCAGGGAGCCCAGAAGCTGGTATTT	45	CALVDQGAQKLVF	:::::::::0:-5:9:::::14:-4:39:::	
432	1151.0	0.0053596457325392425	1	0.0011614401858304297	TGTGCTGTGGTCCCTTAACTTGGCGGCTGGTAACCAGTTCTATTTT	NNNNNNNNNNNNNNNNNNNNNNNNNNNNNNNNNNNNNNNNNNNNNN	TRAV8-3*00(1814.2)		TRAJ49*00(489)	TRAC*00(104.9)	347|357|381|0|10||100.0		27|45|76|28|46||180.0		TGTGCTGTGGTCCCTTAACTTGGCGGCTGGTAACCAGTTCTATTTT	45	CAVVP*LG_AGNQFYF	:::::::::0:-4:10:::::28:-7:46:::	
105	1148.0	0.005345676195443137	5	0.005807200929152149	TGTGCAGCAATATACGGTAACCAGTTCTATTTT	[[[[[[[[[[[[[[[[[[[[[[[[[[[[[[[[[	TRAV13-1*00(1672.4)		TRAJ49*00(499.6)	TRAC*00(104.7)	344|354|377|0|10||100.0		26|45|76|14|33||190.0		TGTGCAGCAATATACGGTAACCAGTTCTATTTT	58	CAAIYGNQFYF	:::::::::0:-3:10:::::14:-6:33:::	
709	1139.0	0.00530376758415482	1	0.0011614401858304297	TGCGCCATAGAATGGACCTACAAATACATCTTT	NNNNNNNNNNNNNNNNNNNNNNNNNNNNNNNNN	TRAV38-2DV8*00(1714.7)		TRAJ40*00(489.2)	TRAC*00(104.7)	353|358|389|0|5|ST355C|21.0		32|50|81|15|33||180.0		TGCGCCATAGAATGGACCTACAAATACATCTTT	45	CAIEWTYKYIF	:::::::::0:-11:5:::::15:-12:33:::	
465	1138.0	0.0052991110717894516	1	0.0011614401858304297	TGTGCTACGAAGACCTTCGGGCAGGGAGGAAAGCTTATCTTC	NNNNNNNNNNNNNNNNNNNNNNNNNNNNNNNNNNNNNNNNNN	TRAV17*00(1474.5)		TRAJ23*00(518.8)	TRAC*00(104.8)	344|353|377|0|9||90.0		31|52|83|21|42||210.0		TGTGCTACGAAGACCTTCGGGCAGGGAGGAAAGCTTATCTTC	45	CATKTFGQGGKLIF	:::::::::0:-4:9:::::21:-11:42:::	
340	1135.0	0.005285141534693345	2	0.0023228803716608595	TGTGGGGGCCAGTTCTATTTT	[[[[[[[[[[[[[[[[[[[[[	TRAV17*00(1723.8)		TRAJ49*00(438.2)	TRAC*00(103.5)	344|348|377|0|4||40.0		32|45|76|8|21||130.0		TGTGGGGGCCAGTTCTATTTT	58	CGGQFYF	:::::::::0:-9:4:::::8:-12:21:::	
266	1130.0	0.005261858972866502	2	0.0023228803716608595	TGTGCCGTGTGGGAGAATAGTGGAGGTAGCAACTATAAACTGACATTT	[[[[[[[[[[[[[[[[[[[[[[[[[[[[[[[[[[[[[[[[[[[[[[[[	TRAV12-2*00(1247.6)		TRAJ53*00(657.7)	TRAC*00(104.9)	350|359|383|0|9||90.0		20|55|86|13|48||350.0		TGTGCCGTGTGGGAGAATAGTGGAGGTAGCAACTATAAACTGACATTT	58	CAVWENSGGSNYKLTF	:::::::::0:-4:9:::::13:0:48:::	
161	1129.0	0.005257202460501134	3	0.003484320557491289	TGTGTAAATGAGGCAGGAACTGCTCTGATCTTT	[[[[[[[[[[[[[[[[[[[[[[[[[[[[[[[[[	TRAV13-1*00(1614.6)		TRAJ15*00(539.4)	TRAC*00(104.8)	344|348|377|0|4||40.0		26|49|80|10|33||230.0		TGTGTAAATGAGGCAGGAACTGCTCTGATCTTT	58	CVNEAGTALIF	:::::::::0:-9:4:::::10:-6:33:::	
91	1121.0	0.005219950361578185	5	0.005807200929152149	TGTGCTGTGGAGGGTGGAGGCTTCAAAACTATCTTT	[[[[[[[[[[[[[[[[[[[[[[[[[[[[[[[[[[[[	TRAV2*00(1976.5)		TRAJ9*00(529.1)	TRAC*00(104.9)	344|357|378|0|13||130.0		28|50|81|14|36||220.0		TGTGCTGTGGAGGGTGGAGGCTTCAAAACTATCTTT	58	CAVEGGGFKTIF	:::::::::0:-1:13:::::14:-8:36:::	
681	1110.0	0.005168728725559131	1	0.0011614401858304297	TGTGCAGCAATGGGCTTTCAGAAACTTGTATTT	NNNNNNNNNNNNNNNNNNNNNNNNNNNNNNNNN	TRAV13-1*00(1562.8)		TRAJ8*00(519.3)	TRAC*00(104.7)	344|354|377|0|10||100.0		28|49|80|12|33||210.0		TGTGCAGCAATGGGCTTTCAGAAACTTGTATTT	45	CAAMGFQKLVF	:::::::::0:-3:10:::::12:-8:33:::	
698	1110.0	0.005168728725559131	1	0.0011614401858304297	TGTGCAGAGAATATAAGAACCTCCTACGACAAGGTGATATTT	NNNNNNNNNNNNNNNNNNNNNNNNNNNNNNNNNNNNNNNNNN	TRAV13-2*00(1493.5)		TRAJ50*00(558.4)	TRAC*00(104.8)	347|362|380|0|15||150.0		24|49|80|17|42||250.0		TGTGCAGAGAATATAAGAACCTCCTACGACAAGGTGATATTT	45	CAENIRTSYDKVIF	:::::::::0:2:15:::::17:-4:42:::	
127	1103.0	0.005136133139001551	4	0.004645760743321719	TGTGCTACGGACGACTCAGGAAACACACCTCTTGTCTTT	[[[[[[[[[[[[[[[[[[[[[[[[[[[[[[[[[[[[[[[	TRAV17*00(1283.5)		TRAJ29*00(548.9)	TRAC*00(104.8)	344|357|377|0|13||130.0		25|49|80|15|39||240.0		TGTGCTACGGACGACTCAGGAAACACACCTCTTGTCTTT	58	CATDDSGNTPLVF	:::::::::0:0:13:::::15:-5:39:::	
217	1103.0	0.005136133139001551	3	0.003484320557491289	TGTGCAGCTTCATTCTTCAACAAATTTTACTTT	[[[[[[[[[[[[[[[[[[[[[[[[[[[[[[[[[	TRAV13-1*00(1956.6)		TRAJ21*00(499.7)	TRAC*00(104.9)	344|352|377|0|8||80.0		25|44|75|14|33||190.0		TGTGCAGCTTCATTCTTCAACAAATTTTACTTT	58	CAASFFNKFYF	:::::::::0:-5:8:::::14:-5:33:::	
403	1097.0	0.005108194064809339	1	0.0011614401858304297	TGTGCTCTGAGTGATCATGGGGGAGGAAAGCTTATCTTC	NNNNNNNNNNNNNNNNNNNNNNNNNNNNNNNNNNNNNNN	TRAV9-2*00(2003.2)		TRAJ23*00(499)	TRAC*00(104.8)	344|361|378|0|17||170.0		33|52|83|20|39||190.0		TGTGCTCTGAGTGATCATGGGGGAGGAAAGCTTATCTTC	45	CALSDHGGGKLIF	:::::::::0:3:17:::::20:-13:39:::	
46	1096.0	0.005103537552443971	8	0.009291521486643438	TGTGTGGTGAGCCTCGTGGGAGGGAACAACAGACTCGCTTTT	[[[[[[[[[[[[[[[[[[[[[[[[[[[[[[[[[[[[[[[[[[	TRAV10*00(1763.6)		TRAJ7*00(518.6)	TRAC*00(104.8)	350|362|383|0|12||120.0		27|48|79|21|42||210.0		TGTGTGGTGAGCCTCGTGGGAGGGAACAACAGACTCGCTTTT	58	CVVSLVGGNNRLAF	:::::::::0:-1:12:::::21:-7:42:::	
418	1091.0	0.005080254990617128	1	0.0011614401858304297	TGTGCTGTTCAGGGAGCCCAGAAGCTGGTATTT	NNNNNNNNNNNNNNNNNNNNNNNNNNNNNNNNN	TRAV17*00(1253.7)		TRAJ54*00(569)	TRAC*00(104.9)	344|350|377|0|6||60.0		23|49|80|7|33||260.0		TGTGCTGTTCAGGGAGCCCAGAAGCTGGTATTT	45	CAVQGAQKLVF	:::::::::0:-7:6:::::7:-3:33:::	
154	1085.0	0.005052315916424916	4	0.004645760743321719	TGCCTCGTGGGTGAAATAAGAGGGAGTTACCAGAAAGTTACCTTT	[[[[[[[[[[[[[[[[[[[[[[[[[[[[[[[[[[[[[[[[[[[[[	TRAV4*00(1423.4)		TRAJ13*00(491.2)	TRAC*00(104.7)	332|349|368|0|17|SC346A|141.0		28|52|83|21|45|SG31A|211.0		TGCCTCGTGGGTGAAATAAGAGGGAGTTACCAGAAAGTTACCTTT	58	CLVGEIRGSYQKVTF	:::::::::0:1:17:::::21:-8:45:::	
215	1068.0	0.00497315520621365	3	0.003484320557491289	TGTGCCAAAATAAAAAGCAGCGGAGACAAGCTGACTTTT	[[[[[[[[[[[[[[[[[[[[[[[[[[[[[[[[[[[[[[[	TRAV20*00(1386)		TRAJ46*00(578.8)	TRAC*00(104.9)	344|349|377|0|5||50.0		25|52|83|12|39||270.0		TGTGCCAAAATAAAAAGCAGCGGAGACAAGCTGACTTTT	58	CAKIKSSGDKLTF	:::::::::0:-8:5:::::12:-5:39:::	
401	1066.0	0.004963842181482913	1	0.0011614401858304297	TGTGCTCTGAGTCCTAACTTTGGAAATGAGAAATTAACCTTT	NNNNNNNNNNNNNNNNNNNNNNNNNNNNNNNNNNNNNNNNNN	TRAV9-2*00(1890.7)		TRAJ48*00(599.2)	TRAC*00(104.8)	344|356|378|0|12||120.0		23|52|83|13|42||290.0		TGTGCTCTGAGTCCTAACTTTGGAAATGAGAAATTAACCTTT	45	CALSPNFGNEKLTF	:::::::::0:-2:12:::::13:-3:42:::	
425	1056.0	0.004917277057829227	1	0.0011614401858304297	TGTGCTGTCATTACCTCAGGAACCTACAAATACATCTTT	NNNNNNNNNNNNNNNNNNNNNNNNNNNNNNNNNNNNNNN	TRAV2*00(1911.6)		TRAJ40*00(588.4)	TRAC*00(104.8)	344|352|378|0|8||80.0		22|50|81|11|39||280.0		TGTGCTGTCATTACCTCAGGAACCTACAAATACATCTTT	45	CAVITSGTYKYIF	:::::::::0:-6:8:::::11:-2:39:::	
740	1054.0	0.00490796403309849	1	0.0011614401858304297	TGCATCGTCAGAGTCATTTATAACCAGGGAGGAAAGCTTATCTTC	NNNNNNNNNNNNNNNNNNNNNNNNNNNNNNNNNNNNNNNNNNNNN	TRAV26-1*00(1381.6)		TRAJ23*00(608.8)	TRAC*00(104.8)	332|347|368|0|15||150.0		22|52|83|15|45||300.0		TGCATCGTCAGAGTCATTTATAACCAGGGAGGAAAGCTTATCTTC	45	CIVRVIYNQGGKLIF	:::::::::0:-1:15:::::15:-2:45:::	
690	1040.0	0.00484277285998333	1	0.0011614401858304297	TGTGCAGGTCCGCTAATGAACAGAGATGACAAGATCATCTTT	NNNNNNNNNNNNNNNNNNNNNNNNNNNNNNNNNNNNNNNNNN	TRAV13-2*00(1711.1)		TRAJ30*00(577)	TRAC*00(104.9)	347|354|380|0|7||70.0		19|46|77|15|42||270.0		TGTGCAGGTCCGCTAATGAACAGAGATGACAAGATCATCTTT	45	CAGPLMNRDDKIIF	:::::::::0:-6:7:::::15:1:42:::	
86	1038.0	0.004833459835252593	5	0.005807200929152149	TGTGCTTATAGTAAGGCCAGACTCATGTTT	[[[[[[[[[[[[[[[[[[[[[[[[[[[[[[	TRAV38-2DV8*00(1649.4)		TRAJ31*00(460)	TRAC*00(104.7)	353|364|389|0|11||110.0		28|46|77|12|30|ST30G|151.0		TGTGCTTATAGTAAGGCCAGACTCATGTTT	58	CAYSKARLMF	:::::::::0:-5:11:::::12:-8:30:::	
159	1038.0	0.004833459835252593	3	0.003484320557491289	TGTGTTGGCCCCTCAGGAAACACACCTCTTGTCTTT	[[[[[[[[[[[[[[[[[[[[[[[[[[[[[[[[[[[[	TRAV12-1*00(1517.7)		TRAJ29*00(549.4)	TRAC*00(104.9)	344|349|377|0|5||50.0		25|49|80|12|36||240.0		TGTGTTGGCCCCTCAGGAAACACACCTCTTGTCTTT	58	CVGPSGNTPLVF	:::::::::0:-8:5:::::12:-5:36:::	
398	1034.0	0.004814833785791118	1	0.0011614401858304297	TGTGCTCTGACCGAAGGAAAGCTGCAGGCAACAAGCTAACTTTT	NNNNNNNNNNNNNNNNNNNNNNNNNNNNNNNNNNNNNNNNNNNN	TRAV19*00(598.4)		TRAJ17*00(579.1)	TRAC*00(104.8)	353|363|390|0|10||100.0		25|52|83|17|44||270.0		TGTGCTCTGACCGAAGGAAAGCTGCAGGCAACAAGCTAACTTTT	45	CALTEGK_AGNKLTF	:::::::::0:-7:10:::::17:-5:44:::	
437	1031.0	0.004800864248695013	1	0.0011614401858304297	TGTGCTGTGGAGGGCGGGAACAACAGACTCGCTTTT	NNNNNNNNNNNNNNNNNNNNNNNNNNNNNNNNNNNN	TRAV20*00(1450.2)		TRAJ7*00(518.2)	TRAC*00(104.8)	344|357|377|0|13|SC353G|101.0		27|48|79|15|36||210.0		TGTGCTGTGGAGGGCGGGAACAACAGACTCGCTTTT	45	CAVEGGNNRLAF	:::::::::0:0:13:::::15:-7:36:::	
372	1025.0	0.004772925174502801	1	0.0011614401858304297	TGTGTGGTGGTCCCTCCTTCAGGAAACACACCTCTTGTCTTT	NNNNNNNNNNNNNNNNNNNNNNNNNNNNNNNNNNNNNNNNNN	TRAV12-1*00(1519.6)		TRAJ29*00(559.2)	TRAC*00(104.9)	344|353|377|0|9||90.0		24|49|80|17|42||250.0		TGTGTGGTGGTCCCTCCTTCAGGAAACACACCTCTTGTCTTT	45	CVVVPPSGNTPLVF	:::::::::0:-4:9:::::17:-4:42:::	
394	996.0	0.004637886315907112	1	0.0011614401858304297	TGTGCTCTGTGTGCTTCTGGGGCTGGGAGTTACCAACTCACTTTC	NNNNNNNNNNNNNNNNNNNNNNNNNNNNNNNNNNNNNNNNNNNNN	TRAV9-2*00(1841.9)		TRAJ28*00(608.7)	TRAC*00(104.9)	344|357|378|0|13|SA353T|101.0		25|55|86|15|45||300.0		TGTGCTCTGTGTGCTTCTGGGGCTGGGAGTTACCAACTCACTTTC	45	CALCASGAGSYQLTF	:::::::::0:-1:13:::::15:-5:45:::	
431	991.0	0.004614603754080269	1	0.0011614401858304297	TGTGCTGTGCAGCGTATCGGAACCTACAAATACATCTTT	NNNNNNNNNNNNNNNNNNNNNNNNNNNNNNNNNNNNNNN	TRAV20*00(1473.8)		TRAJ40*00(518.5)	TRAC*00(104.8)	344|356|377|0|12||120.0		29|50|81|18|39||210.0		TGTGCTGTGCAGCGTATCGGAACCTACAAATACATCTTT	45	CAVQRIGTYKYIF	:::::::::0:-1:12:::::18:-9:39:::	
35	985.0	0.004586664679888057	10	0.011614401858304297	TGCCTCGTGGGTGACAGGAATACTGGAGGCTTCAAAACTATCTTT	[[[[[[[[[[[[[[[[[[[[[[[[[[[[[[[[[[[[[[[[[[[[[	TRAV4*00(1626.2)		TRAJ9*00(578.8)	TRAC*00(104.9)	332|348|368|0|16||160.0		23|50|81|18|45||270.0		TGCCTCGTGGGTGACAGGAATACTGGAGGCTTCAAAACTATCTTT	58	CLVGDRNTGGFKTIF	:::::::::0:0:16:::::18:-3:45:::	
220	973.0	0.004530786531503635	3	0.003484320557491289	TGTGCAGGCCAGCAGAGTGGTACTAGCTATGGAAAGCTGACATTT	[[[[[[[[[[[[[[[[[[[[[[[[[[[[[[[[[[[[[[[[[[[[[	TRAV27*00(1433.3)		TRAJ52*00(596.7)	TRAC*00(104.8)	338|346|368|0|8||80.0		29|58|89|16|45||290.0		TGTGCAGGCCAGCAGAGTGGTACTAGCTATGGAAAGCTGACATTT	58	CAGQQSGTSYGKLTF	:::::::::0:-2:8:::::16:-9:45:::	
422	966.0	0.0044981909449460546	1	0.0011614401858304297	TGTGCTGTCCCATACTCTGGGGCTGGGAGTTACCAACTCACTTTC	NNNNNNNNNNNNNNNNNNNNNNNNNNNNNNNNNNNNNNNNNNNNN	TRAV22*00(1546.3)		TRAJ28*00(658.6)	TRAC*00(104.8)	338|346|371|0|8||80.0		20|55|86|10|45||350.0		TGTGCTGTCCCATACTCTGGGGCTGGGAGTTACCAACTCACTTTC	45	CAVPYSGAGSYQLTF	:::::::::0:-5:8:::::10:0:45:::	
391	958.0	0.004460938846023106	1	0.0011614401858304297	TGTGCTCTCCCGAATTATGGAGGAAGCCAAGGAAATCTCATCTTT	NNNNNNNNNNNNNNNNNNNNNNNNNNNNNNNNNNNNNNNNNNNNN	TRAV6*00(568.3)		TRAJ42*00(647.9)	TRAC*00(104.7)	347|355|380|0|8||80.0		21|55|86|11|45||340.0		TGTGCTCTCCCGAATTATGGAGGAAGCCAAGGAAATCTCATCTTT	45	CALPNYGGSQGNLIF	:::::::::0:-5:8:::::11:-1:45:::	
686	958.0	0.004460938846023106	1	0.0011614401858304297	TGTGCAGCAAGTAACAGTGGAGGTAGCAACTATAAACTGACATTT	NNNNNNNNNNNNNNNNNNNNNNNNNNNNNNNNNNNNNNNNNNNNN	TRAV13-1*00(1463.6)		TRAJ53*00(609.8)	TRAC*00(104.8)	344|357|377|0|13||130.0		22|55|86|12|45|ST24C|301.0		TGTGCAGCAAGTAACAGTGGAGGTAGCAACTATAAACTGACATTT	45	CAASNSGGSNYKLTF	:::::::::0:0:13:::::12:-2:45:::	
416	949.0	0.004419030234734788	1	0.0011614401858304297	TGTGCTCACCAGAGGATCAAAGCTGCAGGCAACAAGCTAACTTTT	NNNNNNNNNNNNNNNNNNNNNNNNNNNNNNNNNNNNNNNNNNNNN	TRAV9-2*00(1768.3)		TRAJ17*00(618.5)	TRAC*00(104.8)	344|351|378|0|7||70.0		21|52|83|14|45||310.0		TGTGCTCACCAGAGGATCAAAGCTGCAGGCAACAAGCTAACTTTT	45	CAHQRIKAAGNKLTF	:::::::::0:-7:7:::::14:-1:45:::	
417	948.0	0.00441437372236942	1	0.0011614401858304297	TGTGCTGTTTTCACGGGAGGAGGAAACAAACTCACCTTT	NNNNNNNNNNNNNNNNNNNNNNNNNNNNNNNNNNNNNNN	TRAV21*00(1341.4)		TRAJ10*00(598.8)	TRAC*00(104.8)	344|352|376|0|8||80.0		24|53|84|10|39||290.0		TGTGCTGTTTTCACGGGAGGAGGAAACAAACTCACCTTT	45	CAVFTGGGNKLTF	:::::::::0:-4:8:::::10:-4:39:::	
337	938.0	0.004367808598715734	2	0.0023228803716608595	TGTGCAATGAGCTCTTACAACTTCAACAAATTTTACTTT	[[[[[[[[[[[[[[[[[[[[[[[[[[[[[[[[[[[[[[[	TRAV14DV4*00(1216.6)		TRAJ21*00(549.3)	TRAC*00(104.8)	353|364|390|0|11||110.0		20|44|75|15|39||240.0		TGTGCAATGAGCTCTTACAACTTCAACAAATTTTACTTT	58	CAMSSYNFNKFYF	:::::::::0:-6:11:::::15:0:39:::	
116	936.0	0.004358495573984997	4	0.004645760743321719	TGTGTGGTGAAATTGAATTCAGGAAACACACCTCTTGTCTTT	[[[[[[[[[[[[[[[[[[[[[[[[[[[[[[[[[[[[[[[[[[	TRAV12-1*00(718.9)		TRAJ29*00(589.2)	TRAC*00(104.8)	344|355|377|0|11||110.0		21|49|80|14|42||280.0		TGTGTGGTGAAATTGAATTCAGGAAACACACCTCTTGTCTTT	58	CVVKLNSGNTPLVF	:::::::::0:-2:11:::::14:-1:42:::	
69	924.0	0.004302617425600574	6	0.006968641114982578	TGTGTGGTGAGGAATAACAATGCCAGACTCATGTTT	[[[[[[[[[[[[[[[[[[[[[[[[[[[[[[[[[[[[	TRAV12-1*00(1052.2)		TRAJ31*00(568.7)	TRAC*00(105)	344|354|377|0|10||100.0		20|46|77|10|36||260.0		TGTGTGGTGAGGAATAACAATGCCAGACTCATGTTT	58	CVVRNNNARLMF	:::::::::0:-3:10:::::10:0:36:::	
328	921.0	0.0042886478885044675	2	0.0023228803716608595	TGTGCATGGGTTCTGGCAGGAACTGCTCTGATCTTT	[[[[[[[[[[[[[[[[[[[[[[[[[[[[[[[[[[[[	TRAV12-3*00(1063.5)		TRAJ15*00(529.6)	TRAC*00(105)	350|356|383|0|6||60.0		27|49|80|14|36||220.0		TGTGCATGGGTTCTGGCAGGAACTGCTCTGATCTTT	58	CAWVLAGTALIF	:::::::::0:-7:6:::::14:-7:36:::	
777	921.0	0.0042886478885044675	1	0.0011614401858304297	ACGACCTTCGACTTCAACAAATTTTACTTT	NNNNNNNNNNNNNNNNNNNNNNNNNNNNNN	TRAV24*00(1791.9)		TRAJ21*00(509)	TRAC*00(104.8)	353|353|383|0|0||0.0		24|44|75|10|30||200.0		ACGACCTTCGACTTCAACAAATTTTACTTT	45	TTFDFNKFYF	:::::::::0:-10:0:::::10:-4:30:::	
471	916.0	0.004265365326677625	1	0.0011614401858304297	TGTGCCCCGTACAATAACAATGACATGCGCTTT	NNNNNNNNNNNNNNNNNNNNNNNNNNNNNNNNN	TRAV36DV7*00(1760.8)		TRAJ43*00(559.1)	TRAC*00(104.8)	347|352|380|0|5||50.0		18|43|74|8|33||250.0		TGTGCCCCGTACAATAACAATGACATGCGCTTT	45	CAPYNNNDMRF	:::::::::0:-8:5:::::8:2:33:::	
216	914.0	0.004256052301946888	3	0.003484320557491289	TGTGCGGCCAAAAATGGATCTTTACTGGAGGCTTCAAAACTATCTTT	[[[[[[[[[[[[[[[[[[[[[[[[[[[[[[[[[[[[[[[[[[[[[[[	TRAV27*00(584.8)		TRAJ9*00(559.4)	TRAC*00(104.9)	338|343|368|0|5||50.0		25|50|81|22|47||250.0		TGTGCGGCCAAAAATGGATCTTTACTGGAGGCTTCAAAACTATCTTT	58	CAAKNGSL_GGFKTIF	:::::::::0:-5:5:::::22:-5:47:::	
224	894.0	0.004162922054639516	3	0.003484320557491289	TGTGCAATGAGAGAGGGATTCGTCGGGATTTATAACCAGGGAGGAAAGCTTATCTTC	[[[[[[[[[[[[[[[[[[[[[[[[[[[[[[[[[[[[[[[[[[[[[[[[[[[[[[[[[	TRAV14DV4*00(982.1)		TRAJ23*00(618.9)	TRAC*00(104.9)	353|370|390|0|17||170.0		21|52|83|26|57||310.0		TGTGCAATGAGAGAGGGATTCGTCGGGATTTATAACCAGGGAGGAAAGCTTATCTTC	58	CAMREGFVGIYNQGGKLIF	:::::::::0:0:17:::::26:-1:57:::	
693	883.0	0.0041117004186204615	1	0.0011614401858304297	TGTGCAGGGCCGCGGAACAATGCCAGACTCATGTTT	NNNNNNNNNNNNNNNNNNNNNNNNNNNNNNNNNNNN	TRAV25*00(781.1)		TRAJ31*00(518.8)	TRAC*00(104.7)	338|349|367|0|11||110.0		25|46|77|15|36||210.0		TGTGCAGGGCCGCGGAACAATGCCAGACTCATGTTT	45	CAGPRNNARLMF	:::::::::0:2:11:::::15:-5:36:::	
473	872.0	0.0040604787826014075	1	0.0011614401858304297	TGTGCCCGAGCTGCTGGTGGTACTAGCTATGGAAAGCTGACATTT	NNNNNNNNNNNNNNNNNNNNNNNNNNNNNNNNNNNNNNNNNNNNN	TRAV38-2DV8*00(1602.7)		TRAJ52*00(648.3)	TRAC*00(104.8)	353|358|389|0|5||50.0		24|58|89|11|45||340.0		TGTGCCCGAGCTGCTGGTGGTACTAGCTATGGAAAGCTGACATTT	45	CARAAGGTSYGKLTF	:::::::::0:-11:5:::::11:-4:45:::	
128	866.0	0.004032539708409196	4	0.004645760743321719	TGTGCCGTGATCCCTCCACAGGGAGGAAAGCTTATCTTC	[[[[[[[[[[[[[[[[[[[[[[[[[[[[[[[[[[[[[[[	TRAV8-1*00(646.4)		TRAJ23*00(517.7)	TRAC*00(104.9)	347|357|381|0|10||100.0		31|52|83|18|39||210.0		TGTGCCGTGATCCCTCCACAGGGAGGAAAGCTTATCTTC	58	CAVIPPQGGKLIF	:::::::::0:-4:10:::::18:-11:39:::	
392	864.0	0.004023226683678459	1	0.0011614401858304297	TGTGCTCTCAGTGACGGGGGAGGAGGAAACAAACTCACCTTT	NNNNNNNNNNNNNNNNNNNNNNNNNNNNNNNNNNNNNNNNNN	TRAV16*00(1164.3)		TRAJ10*00(557.8)	TRAC*00(104.8)	335|348|369|0|13|SA343C|101.0		28|53|84|17|42||250.0		TGTGCTCTCAGTGACGGGGGAGGAGGAAACAAACTCACCTTT	45	CALSDGGGGNKLTF	:::::::::0:-1:13:::::17:-8:42:::	
223	863.0	0.0040185701713130895	3	0.003484320557491289	TGTGCAATGAGAGAGGGCCGAACGGGCAGGAGAGCACTTACTTTT	[[[[[[[[[[[[[[[[[[[[[[[[[[[[[[[[[[[[[[[[[[[[[	TRAV14DV4*00(1063.5)		TRAJ5*00(548.9)	TRAC*00(104.7)	353|372|390|0|19||190.0		25|49|80|21|45||240.0		TGTGCAATGAGAGAGGGCCGAACGGGCAGGAGAGCACTTACTTTT	58	CAMREGRTGRRALTF	:::::::::0:2:19:::::21:-5:45:::	
459	855.0	0.003981318072390141	1	0.0011614401858304297	TGTGCTGGGACAGGAGGAAGCCAAGGAAATCTCATCTTT	NNNNNNNNNNNNNNNNNNNNNNNNNNNNNNNNNNNNNNN	TRAV36DV7*00(1136)		TRAJ42*00(578.6)	TRAC*00(104.9)	347|354|380|0|7||70.0		28|55|86|12|39||270.0		TGTGCTGGGACAGGAGGAAGCCAAGGAAATCTCATCTTT	45	CAGTGGSQGNLIF	:::::::::0:-6:7:::::12:-8:39:::	
329	852.0	0.0039673485352940355	2	0.0023228803716608595	TGTGCAGCAATACGAGGCGACTACAAGCTCAGCTTT	[[[[[[[[[[[[[[[[[[[[[[[[[[[[[[[[[[[[	TRAV29DV5*00(1169.6)		TRAJ20*00(499.2)	TRAC*00(104.7)	365|375|398|0|10||100.0		27|46|77|17|36||190.0		TGTGCAGCAATACGAGGCGACTACAAGCTCAGCTTT	58	CAAIRGDYKLSF	:::::::::0:-3:10:::::17:-7:36:::	
42	845.0	0.003934752948736455	9	0.010452961672473868	TGTGCAGCAAGCGCGGCCCAGGCAGGAACTGCTCTGATCTTT	[[[[[[[[[[[[[[[[[[[[[[[[[[[[[[[[[[[[[[[[[[	TRAV29DV5*00(1912.8)		TRAJ15*00(559.1)	TRAC*00(104.9)	365|380|398|0|15||150.0		24|49|80|17|42||250.0		TGTGCAGCAAGCGCGGCCCAGGCAGGAACTGCTCTGATCTTT	58	CAASAAQAGTALIF	:::::::::0:2:15:::::17:-4:42:::	
411	844.0	0.003930096436371087	1	0.0011614401858304297	TGTGCTCTATCTTATAACACCGACAAGCTCATCTTT	NNNNNNNNNNNNNNNNNNNNNNNNNNNNNNNNNNNN	TRAV22*00(1720.6)		TRAJ34*00(588.4)	TRAC*00(104.9)	338|344|371|0|6||60.0		19|47|78|8|36||280.0		TGTGCTCTATCTTATAACACCGACAAGCTCATCTTT	45	CALSYNTDKLIF	:::::::::0:-7:6:::::8:1:36:::	
244	841.0	0.003916126899274981	2	0.0023228803716608595	TGTGCTCTCCCTTCGGGGACCAATGCAGGCAAATCAACCTTT	[[[[[[[[[[[[[[[[[[[[[[[[[[[[[[[[[[[[[[[[[[	TRAV16*00(1096.3)		TRAJ27*00(548.5)	TRAC*00(104.7)	335|343|369|0|8||80.0		24|48|79|18|42||240.0		TGTGCTCTCCCTTCGGGGACCAATGCAGGCAAATCAACCTTT	58	CALPSGTNAGKSTF	:::::::::0:-6:8:::::18:-4:42:::	
163	838.0	0.0039021573621788753	3	0.003484320557491289	TGTGCTCTCGCCGGAAGGGCTGCAGGCAACAAGCTAACTTTT	[[[[[[[[[[[[[[[[[[[[[[[[[[[[[[[[[[[[[[[[[[	TRAV9-2*00(1522.6)		TRAJ17*00(548.3)	TRAC*00(104.5)	344|352|378|0|8||80.0		28|52|83|18|42||240.0		TGTGCTCTCGCCGGAAGGGCTGCAGGCAACAAGCTAACTTTT	58	CALAGRAAGNKLTF	:::::::::0:-6:8:::::18:-8:42:::	
61	834.0	0.003883531312717401	7	0.008130081300813009	TGTGCTTTCATGGTTCAGGGAGCCCAGAAGCTGGTATTT	[[[[[[[[[[[[[[[[[[[[[[[[[[[[[[[[[[[[[[[	TRAV38-1*00(1732.1)		TRAJ54*00(568.9)	TRAC*00(104.8)	353|365|390|0|12||120.0		23|49|80|13|39||260.0		TGTGCTTTCATGGTTCAGGGAGCCCAGAAGCTGGTATTT	58	CAFMVQGAQKLVF	:::::::::0:-5:12:::::13:-3:39:::	
251	834.0	0.003883531312717401	2	0.0023228803716608595	TGTGCTGTTACCAACCAGGCAGGAACTGCTCTGATCTTT	[[[[[[[[[[[[[[[[[[[[[[[[[[[[[[[[[[[[[[[	TRAV21*00(1346.2)		TRAJ15*00(599.7)	TRAC*00(105)	344|352|376|0|8||80.0		20|49|80|10|39||290.0		TGTGCTGTTACCAACCAGGCAGGAACTGCTCTGATCTTT	58	CAVTNQAGTALIF	:::::::::0:-4:8:::::10:0:39:::	
165	829.0	0.003860248750890558	3	0.003484320557491289	TGTGCTGTGGAATCTCGAGGGGGAGCCCAGAAGCTGGTATTT	[[[[[[[[[[[[[[[[[[[[[[[[[[[[[[[[[[[[[[[[[[	TRAV36DV7*00(1034.8)		TRAJ54*00(529.1)	TRAC*00(104.7)	347|358|380|0|11||110.0		27|49|80|20|42||220.0		TGTGCTGTGGAATCTCGAGGGGGAGCCCAGAAGCTGGTATTT	58	CAVESRGGAQKLVF	:::::::::0:-2:11:::::20:-7:42:::	
676	805.0	0.003748492454121712	1	0.0011614401858304297	TGTGCAGCCGCGGGGGCTGCAGGCAACAAGCTAACTTTT	NNNNNNNNNNNNNNNNNNNNNNNNNNNNNNNNNNNNNNN	TRAV13-1*00(1498.7)		TRAJ17*00(550)	TRAC*00(105)	344|352|377|0|8||80.0		28|52|83|15|39||240.0		TGTGCAGCCGCGGGGGCTGCAGGCAACAAGCTAACTTTT	45	CAAAGAAGNKLTF	:::::::::0:-5:8:::::15:-8:39:::	
333	802.0	0.003734522917025606	2	0.0023228803716608595	TGTGCAGGGGTGGAGGGAGCCCAGAAGCTGGTATTT	[[[[[[[[[[[[[[[[[[[[[[[[[[[[[[[[[[[[	TRAV29DV5*00(1611.3)		TRAJ54*00(539.5)	TRAC*00(105)	365|372|398|0|7||70.0		26|49|80|13|36||230.0		TGTGCAGGGGTGGAGGGAGCCCAGAAGCTGGTATTT	58	CAGVEGAQKLVF	:::::::::0:-6:7:::::13:-6:36:::	
697	802.0	0.003734522917025606	1	0.0011614401858304297	TGTGCAGAGAGGGGTGGAGGCTTCAAAACTATCTTT	NNNNNNNNNNNNNNNNNNNNNNNNNNNNNNNNNNNN	TRAV5*00(1310.7)		TRAJ9*00(529.2)	TRAC*00(104.8)	347|358|380|0|11||110.0		28|50|81|14|36||220.0		TGTGCAGAGAGGGGTGGAGGCTTCAAAACTATCTTT	45	CAERGGGFKTIF	:::::::::0:-2:11:::::14:-8:36:::	
172	792.0	0.00368795779337192	3	0.003484320557491289	TGTGCTGGGCAGTCGAGGACCAATGCAGGCAAATCAACCTTT	[[[[[[[[[[[[[[[[[[[[[[[[[[[[[[[[[[[[[[[[[[	TRAV35*00(1260.7)		TRAJ27*00(549.4)	TRAC*00(104.9)	338|350|370|0|12||120.0		24|48|79|18|42||240.0		TGTGCTGGGCAGTCGAGGACCAATGCAGGCAAATCAACCTTT	58	CAGQSRTNAGKSTF	:::::::::0:0:12:::::18:-4:42:::	
454	779.0	0.003627423132622129	1	0.0011614401858304297	TGTGCTGTATACTCTGGGGCTGGGAGTTACCAACTCACTTTC	NNNNNNNNNNNNNNNNNNNNNNNNNNNNNNNNNNNNNNNNNN	TRAV36DV7*00(799.3)		TRAJ28*00(649.1)	TRAC*00(104.8)	347|355|380|0|8||80.0		18|55|86|5|42|SC20T|341.0		TGTGCTGTATACTCTGGGGCTGGGAGTTACCAACTCACTTTC	45	CAVYSGAGSYQLTF	:::::::::0:-5:8:::::5:2:42:::	
451	777.0	0.0036181101078913915	1	0.0011614401858304297	TGTGCTGTGAAATTCGGAGGCTTCAAAACTATCTTT	NNNNNNNNNNNNNNNNNNNNNNNNNNNNNNNNNNNN	TRAV3*00(1963.8)		TRAJ9*00(518.6)	TRAC*00(104.8)	347|357|383|0|10||100.0		29|50|81|15|36||210.0		TGTGCTGTGAAATTCGGAGGCTTCAAAACTATCTTT	45	CAVKFGGFKTIF	:::::::::0:-6:10:::::15:-9:36:::	
93	769.0	0.003580858008968443	5	0.005807200929152149	TGTGCTACGGCCGGGTCTTACTTAGGAAATGAGAAATTAACCTTT	[[[[[[[[[[[[[[[[[[[[[[[[[[[[[[[[[[[[[[[[[[[[[	TRAV17*00(756.9)		TRAJ48*00(550.1)	TRAC*00(104.6)	344|361|377|0|17|SA354CSC357G|112.0		22|52|83|15|45|SA25TST30A|242.0		TGTGCTACGGCCGGGTCTTACTTAGGAAATGAGAAATTAACCTTT	58	CATAGSYLGNEKLTF	:::::::::0:4:17:::::15:-2:45:::	
682	759.0	0.003534292885314757	1	0.0011614401858304297	TGTGCAGCAACTTCTAACGACTACAAGCTCAGCTTT	NNNNNNNNNNNNNNNNNNNNNNNNNNNNNNNNNNNN	TRAV13-1*00(1451)		TRAJ20*00(558.7)	TRAC*00(104.9)	344|354|377|0|10||100.0		21|46|77|11|36||250.0		TGTGCAGCAACTTCTAACGACTACAAGCTCAGCTTT	45	CAATSNDYKLSF	:::::::::0:-3:10:::::11:-1:36:::	
222	754.0	0.003511010323487914	3	0.003484320557491289	TGTGCAATGAGAGATCGCAAATTTTACTTT	[[[[[[[[[[[[[[[[[[[[[[[[[[[[[[	TRAV14DV4*00(1666.4)		TRAJ21*00(439.5)	TRAC*00(104.9)	353|367|390|0|14||140.0		31|44|75|17|30||130.0		TGTGCAATGAGAGATCGCAAATTTTACTTT	58	CAMRDRKFYF	:::::::::0:-3:14:::::17:-11:30:::	
122	751.0	0.0034970407863918083	4	0.004645760743321719	TGTGCTGTGATAGATGGTGACTACAAGCTCAGCTTT	[[[[[[[[[[[[[[[[[[[[[[[[[[[[[[[[[[[[	TRAV1-2*00(1093.8)		TRAJ20*00(488.3)	TRAC*00(104.9)	332|347|366|0|15|SG342T|121.0		28|46|77|18|36||180.0		TGTGCTGTGATAGATGGTGACTACAAGCTCAGCTTT	58	CAVIDGDYKLSF	:::::::::0:1:15:::::18:-8:36:::	
114	749.0	0.003487727761661071	5	0.005807200929152149	CATGAAGAGGGTTATACCTCAGGAACCTACAAATACATCTTT	[[[[[[[[[[[[[[[[[[[[[[[[[[[[[[[[[[[[[[[[[[	TRAV12-3*00(937.4)		TRAJ40*00(588.6)	TRAC*00(104.5)	350|350|383|0|0||0.0		22|50|81|14|42||280.0		CATGAAGAGGGTTATACCTCAGGAACCTACAAATACATCTTT	58	HEEGYTSGTYKYIF	:::::::::0:-13:0:::::14:-2:42:::	
428	747.0	0.003478414736930334	1	0.0011614401858304297	TGTGCTGTGCGGGGTTATAACCAGGGAGGAAAGCTTATCTTC	NNNNNNNNNNNNNNNNNNNNNNNNNNNNNNNNNNNNNNNNNN	TRAV20*00(1311.9)		TRAJ23*00(588.6)	TRAC*00(104.8)	344|357|377|0|13|SA354G|101.0		24|52|83|14|42||280.0		TGTGCTGTGCGGGGTTATAACCAGGGAGGAAAGCTTATCTTC	45	CAVRGYNQGGKLIF	:::::::::0:0:13:::::14:-4:42:::	
737	743.0	0.0034597886874688597	1	0.0011614401858304297	TGCATCGTCCGGAATAACCAGGGAGGAAAGCTTATCTTC	NNNNNNNNNNNNNNNNNNNNNNNNNNNNNNNNNNNNNNN	TRAV26-1*00(859.9)		TRAJ23*00(568.8)	TRAC*00(104.8)	332|341|368|0|9||90.0		26|52|83|13|39||260.0		TGCATCGTCCGGAATAACCAGGGAGGAAAGCTTATCTTC	45	CIVRNNQGGKLIF	:::::::::0:-7:9:::::13:-6:39:::	
45	738.0	0.0034365061256420165	8	0.009291521486643438	TGTGTTGTGAGTTATACTGGAGGCTTCAAAACTATCTTT	[[[[[[[[[[[[[[[[[[[[[[[[[[[[[[[[[[[[[[[	TRAV8-2*00(666.5)		TRAJ9*00(567.4)	TRAC*00(104.9)	347|362|381|0|15|SG359T|121.0		24|50|81|13|39||260.0		TGTGTTGTGAGTTATACTGGAGGCTTCAAAACTATCTTT	58	CVVSYTGGFKTIF	:::::::::0:1:15:::::13:-4:39:::	
457	716.0	0.0033340628536039077	1	0.0011614401858304297	TGTGCTGCCGACAATAACAATGACATGCGCTTT	NNNNNNNNNNNNNNNNNNNNNNNNNNNNNNNNN	TRAV41*00(668.4)		TRAJ43*00(539.1)	TRAC*00(104.7)	344|351|376|0|7||70.0		20|43|74|10|33||230.0		TGTGCTGCCGACAATAACAATGACATGCGCTTT	45	CAADNNNDMRF	:::::::::0:-5:7:::::10:0:33:::	
246	702.0	0.0032688716804887474	2	0.0023228803716608595	TGTGCTCTATCCCCGGGAGGAGGAAACAAACTCACCTTT	[[[[[[[[[[[[[[[[[[[[[[[[[[[[[[[[[[[[[[[	TRAV16*00(637.3)		TRAJ10*00(568.3)	TRAC*00(104.9)	335|344|369|0|9||90.0		27|53|84|13|39||260.0		TGTGCTCTATCCCCGGGAGGAGGAAACAAACTCACCTTT	58	CALSPGGGNKLTF	:::::::::0:-5:9:::::13:-7:39:::	
62	701.0	0.003264215168123379	7	0.008130081300813009	TGTGCCGTGGGGACGGGCCAGAAGCTGCTCTTT	[[[[[[[[[[[[[[[[[[[[[[[[[[[[[[[[[	TRAV12-2*00(1153)		TRAJ16*00(460.3)	TRAC*00(104.9)	350|359|383|0|9||90.0		31|49|80|15|33||180.0		TGTGCCGTGGGGACGGGCCAGAAGCTGCTCTTT	58	CAVGTGQKLLF	:::::::::0:-4:9:::::15:-11:33:::	
149	701.0	0.003264215168123379	4	0.004645760743321719	TGTGCAGCAATACTTGGAAATGAGAAATTAACCTTT	[[[[[[[[[[[[[[[[[[[[[[[[[[[[[[[[[[[[	TRAV13-1*00(1281.8)		TRAJ48*00(538.1)	TRAC*00(104.8)	344|354|377|0|10||100.0		29|52|83|13|36||230.0		TGTGCAGCAATACTTGGAAATGAGAAATTAACCTTT	58	CAAILGNEKLTF	:::::::::0:-3:10:::::13:-9:36:::	
435	699.0	0.0032549021433926416	1	0.0011614401858304297	TGTGCTGTGGGCCTATTTTATGGAGGAAGCCAAGGAAATCTCATCTTT	NNNNNNNNNNNNNNNNNNNNNNNNNNNNNNNNNNNNNNNNNNNNNNNN	TRAV22*00(712.5)		TRAJ42*00(617.9)	TRAC*00(104.9)	338|348|371|0|10||100.0		24|55|86|17|48||310.0		TGTGCTGTGGGCCTATTTTATGGAGGAAGCCAAGGAAATCTCATCTTT	45	CAVGLFYGGSQGNLIF	:::::::::0:-3:10:::::17:-4:48:::	
94	642.0	0.0029894809385666325	5	0.005807200929152149	TGTGCCGTGGACATCCATTCTTATGACATGCGCTTT	[[[[[[[[[[[[[[[[[[[[[[[[[[[[[[[[[[[[	TRAV39*00(1839.4)		TRAJ43*00(449.3)	TRAC*00(104.8)	338|352|371|0|14||140.0		29|43|74|22|36||140.0		TGTGCCGTGGACATCCATTCTTATGACATGCGCTTT	58	CAVDIHSYDMRF	:::::::::0:1:14:::::22:-9:36:::	
218	631.0	0.002938259302547578	3	0.003484320557491289	TGTGCAGCCTCGCTGAGCTACAAGCTCAGCTTT	[[[[[[[[[[[[[[[[[[[[[[[[[[[[[[[[[	TRAV13-1*00(1172)		TRAJ20*00(469.3)	TRAC*00(104.6)	344|352|377|0|8||80.0		30|46|77|17|33||160.0		TGTGCAGCCTCGCTGAGCTACAAGCTCAGCTTT	58	CAASLSYKLSF	:::::::::0:-5:8:::::17:-10:33:::	
396	624.0	0.002905663715989998	1	0.0011614401858304297	TGTGCTCTGGAGAATTCTGGGGGTTACCAGAAAGTTACCTTT	NNNNNNNNNNNNNNNNNNNNNNNNNNNNNNNNNNNNNNNNNN	TRAV9-2*00(1891)		TRAJ13*00(589.8)	TRAC*00(104.9)	344|353|378|0|9||90.0		21|52|83|11|42||310.0		TGTGCTCTGGAGAATTCTGGGGGTTACCAGAAAGTTACCTTT	45	CALENSGGYQKVTF	:::::::::0:-5:9:::::11:-1:42:::	
160	621.0	0.002891694178893892	3	0.003484320557491289	TGTGTGGTGAATCGGGGAAGCCAAGGAAATCTCATCTTT	[[[[[[[[[[[[[[[[[[[[[[[[[[[[[[[[[[[[[[[	TRAV12-1*00(648.2)		TRAJ42*00(547.6)	TRAC*00(103.9)	344|355|377|0|11||110.0		31|55|86|15|39||240.0		TGTGTGGTGAATCGGGGAAGCCAAGGAAATCTCATCTTT	58	CVVNRGSQGNLIF	:::::::::0:-2:11:::::15:-11:39:::	
248	606.0	0.0028218464934133634	2	0.0023228803716608595	TGTGCTCTAAGTAACGGGGGAGGAGGAAACAAACTCACCTTT	[[[[[[[[[[[[[[[[[[[[[[[[[[[[[[[[[[[[[[[[[[	TRAV16*00(1140.9)		TRAJ10*00(559.6)	TRAC*00(104.7)	335|347|369|0|12||120.0		28|53|84|17|42||250.0		TGTGCTCTAAGTAACGGGGGAGGAGGAAACAAACTCACCTTT	58	CALSNGGGGNKLTF	:::::::::0:-2:12:::::17:-8:42:::	
350	605.0	0.0028171899810479945	2	0.0023228803716608595	TGCATCCTGAGAGCCTTGGAGGGTGCTGGTGGTACTAGCTATGGAAAGCTGACATTT	[[[[[[[[[[[[[[[[[[[[[[[[[[[[[[[[[[[[[[[[[[[[[[[[[[[[[[[[[	TRAV26-2*00(1540.2)		TRAJ52*00(648.7)	TRAC*00(104.8)	332|345|367|0|13||130.0		24|58|89|23|57||340.0		TGCATCCTGAGAGCCTTGGAGGGTGCTGGTGGTACTAGCTATGGAAAGCTGACATTT	58	CILRALEGAGGTSYGKLTF	:::::::::0:-2:13:::::23:-4:57:::	
379	602.0	0.002803220443951889	1	0.0011614401858304297	TGTGTGGTGAAGGCGAGAAGCAGTGCTTCCAAGATAATCTTT	NNNNNNNNNNNNNNNNNNNNNNNNNNNNNNNNNNNNNNNNNN	TRAV12-1*00(628.2)		TRAJ3*00(549.1)	TRAC*00(104.7)	344|355|377|0|11||110.0		27|51|82|18|42||240.0		TGTGTGGTGAAGGCGAGAAGCAGTGCTTCCAAGATAATCTTT	45	CVVKARSSASKIIF	:::::::::0:-2:11:::::18:-7:42:::	
404	582.0	0.002710090196644517	1	0.0011614401858304297	TGTGCTCTGAGTGATAATACGGGCAGGAGAGCACTTACTTTT	NNNNNNNNNNNNNNNNNNNNNNNNNNNNNNNNNNNNNNNNNN	TRAV9-2*00(1944.7)		TRAJ5*00(549.1)	TRAC*00(104.8)	344|359|378|0|15||150.0		25|49|80|18|42||240.0		TGTGCTCTGAGTGATAATACGGGCAGGAGAGCACTTACTTTT	45	CALSDNTGRRALTF	:::::::::0:1:15:::::18:-5:42:::	
739	580.0	0.00270077717191378	1	0.0011614401858304297	TGCATCGTCAGAGTCGGCCAGGCAGGAACTGCTCTGATCTTT	NNNNNNNNNNNNNNNNNNNNNNNNNNNNNNNNNNNNNNNNNN	TRAV26-1*00(1518.7)		TRAJ15*00(559)	TRAC*00(104.8)	332|348|368|0|16||160.0		24|49|80|17|42||250.0		TGCATCGTCAGAGTCGGCCAGGCAGGAACTGCTCTGATCTTT	45	CIVRVGQAGTALIF	:::::::::0:0:16:::::17:-4:42:::	
366	573.0	0.0026681815853562	1	0.0011614401858304297	TGTGTCAAGAACACCGGTAACCAGTTCTATTTT	NNNNNNNNNNNNNNNNNNNNNNNNNNNNNNNNN	TRAV17*00(1171.3)		TRAJ49*00(558.5)	TRAC*00(104.9)	344|348|377|0|4||40.0		20|45|76|8|33||250.0		TGTGTCAAGAACACCGGTAACCAGTTCTATTTT	45	CVKNTGNQFYF	:::::::::0:-9:4:::::8:0:33:::	
107	562.0	0.0026169599493371457	5	0.005807200929152149	TGCGCTGCCCCGCCGGTAAATGCTGGCAACAACCGTAAGCTGATTTGG	[[[[[[[[[[[[[[[[[[[[[[[[[[[[[[[[[[[[[[[[[[[[[[[[	TRAV1-1*00(1494.5)		TRAJ38*00(579.3)	TRAC*00(104.9)	332|339|366|0|7||70.0		21|51|82|18|48||300.0		TGCGCTGCCCCGCCGGTAAATGCTGGCAACAACCGTAAGCTGATTTGG	58	CAAPPVNAGNNRKLIW	:::::::::0:-7:7:::::18:-1:48:::	
483	553.0	0.002575051338048828	1	0.0011614401858304297	TGTGCCGTGAACACCCTAAGGTGGGAGATAATCTTT	NNNNNNNNNNNNNNNNNNNNNNNNNNNNNNNNNNNN	TRAV12-2*00(1194)		TRAJ3*00(419.7)	TRAC*00(104.8)	350|363|383|0|13||130.0		40|51|82|25|36||110.0		TGTGCCGTGAACACCCTAAGGTGGGAGATAATCTTT	45	CAVNTLRWEIIF	:::::::::0:0:13:::::25:-20:36:::	
707	540.0	0.0025145166772990364	1	0.0011614401858304297	TGCGCTGTGGGCAGGCAGGAACTGCTCTGATCTTT	NNNNNNNNNNNNNNNNNNNNNNNNNNNNNNNNNNN	TRAV1-1*00(1691.7)		TRAJ15*00(549)	TRAC*00(104.8)	332|341|366|0|9||90.0		25|49|80|11|35||240.0		TGCGCTGTGGGCAGGCAGGAACTGCTCTGATCTTT	45	CAVGRQ_TALIF	:::::::::0:-5:9:::::11:-5:35:::	
26	530.0	0.002467951553645351	12	0.013937282229965157	TGCTCCCAACGGCTAGGGGTTCTGCAAGGCAACTGACCTTT	[[[[[[[[[[[[[[[[[[[[[[[[[[[[[[[[[[[[[[[[[	TRAV4*00(1059.4)		TRAJ22*00(529.6)	TRAC*00(104.8)	332|335|368|0|3||30.0		28|52|83|17|41||240.0		TGCTCCCAACGGCTAGGGGTTCTGCAAGGCAACTGACCTTT	58	CSQRLGV_ARQLTF	:::::::::0:-13:3:::::17:-8:41:::	
429	526.0	0.0024493255041838765	1	0.0011614401858304297	TGTGCTGTGCGGGGATCAGGAACCTACAAATACATCTTT	NNNNNNNNNNNNNNNNNNNNNNNNNNNNNNNNNNNNNNN	TRAV20*00(1451.2)		TRAJ40*00(548.5)	TRAC*00(104.8)	344|357|377|0|13|SA354G|101.0		26|50|81|15|39||240.0		TGTGCTGTGCGGGGATCAGGAACCTACAAATACATCTTT	45	CAVRGSGTYKYIF	:::::::::0:0:13:::::15:-6:39:::	
378	499.0	0.0023235996703189245	1	0.0011614401858304297	TGTGTGGTGAACAGTAATACTGGAGGCTTCAAAACTATCTTT	NNNNNNNNNNNNNNNNNNNNNNNNNNNNNNNNNNNNNNNNNN	TRAV12-1*00(647.2)		TRAJ9*00(578.9)	TRAC*00(104.8)	344|357|377|0|13||130.0		23|50|81|15|42||270.0		TGTGTGGTGAACAGTAATACTGGAGGCTTCAAAACTATCTTT	45	CVVNSNTGGFKTIF	:::::::::0:0:13:::::15:-3:42:::	
92	498.0	0.002318943157953556	5	0.005807200929152149	TGTGCTGTGAGTGCTCAGGGAGCCCAGAAGCTGGTATTT	[[[[[[[[[[[[[[[[[[[[[[[[[[[[[[[[[[[[[[[	TRAV8-4*00(689.2)		TRAJ54*00(559.1)	TRAC*00(104.9)	347|364|381|0|17|SA360C|141.0		24|49|80|14|39||250.0		TGTGCTGTGAGTGCTCAGGGAGCCCAGAAGCTGGTATTT	58	CAVSAQGAQKLVF	:::::::::0:3:17:::::14:-4:39:::	
175	494.0	0.0023003171084920817	3	0.003484320557491289	TGTGCCGTGAACGGGGTTCAGGGAGCCCAGAAGCTGGTATTT	[[[[[[[[[[[[[[[[[[[[[[[[[[[[[[[[[[[[[[[[[[	TRAV12-2*00(639.2)		TRAJ54*00(569.5)	TRAC*00(104.9)	350|362|383|0|12||120.0		23|49|80|16|42||260.0		TGTGCCGTGAACGGGGTTCAGGGAGCCCAGAAGCTGGTATTT	58	CAVNGVQGAQKLVF	:::::::::0:-1:12:::::16:-3:42:::	
249	488.0	0.00227237803429987	2	0.0023228803716608595	TGTGCTCTAAGGGACAGAGATGACAAGATCATCTTT	[[[[[[[[[[[[[[[[[[[[[[[[[[[[[[[[[[[[	TRAV16*00(1384)		TRAJ30*00(536.5)	TRAC*00(104.7)	335|346|369|0|11||110.0		23|46|77|13|36||230.0		TGTGCTCTAAGGGACAGAGATGACAAGATCATCTTT	58	CALRDRDDKIIF	:::::::::0:-3:11:::::13:-3:36:::	
468	487.0	0.0022677215219345016	1	0.0011614401858304297	TGTGCCTTTAATTATGAATAACAATGACATGCGCTTT	NNNNNNNNNNNNNNNNNNNNNNNNNNNNNNNNNNNNN	TRAV24*00(1778.4)		TRAJ43*00(519.1)	TRAC*00(104.7)	353|363|383|0|10||100.0		22|43|74|16|37||210.0		TGTGCCTTTAATTATGAATAACAATGACATGCGCTTT	45	CAFNYE_NNDMRF	:::::::::0:0:10:::::16:-2:37:::	
68	485.0	0.002258408497203764	7	0.008130081300813009	TGCATCGTCAGAGTCGCGAATGTTTATGCAGGCAACATGCTCACCTTT	[[[[[[[[[[[[[[[[[[[[[[[[[[[[[[[[[[[[[[[[[[[[[[[[	TRAV26-1*00(1033.6)		TRAJ39*00(518.4)	TRAC*00(104.8)	332|351|368|0|19||190.0		29|52|83|25|48||230.0		TGCATCGTCAGAGTCGCGAATGTTTATGCAGGCAACATGCTCACCTTT	58	CIVRVANVYAGNMLTF	:::::::::0:3:19:::::25:-9:48:::	
176	481.0	0.00223978244774229	3	0.003484320557491289	TGTGCCGTAGGTGGTGCTACAAACAAGCTCATCTTT	[[[[[[[[[[[[[[[[[[[[[[[[[[[[[[[[[[[[	TRAV12-2*00(1141.6)		TRAJ32*00(578)	TRAC*00(104.8)	350|358|383|0|8||80.0		28|55|86|9|36||270.0		TGTGCCGTAGGTGGTGCTACAAACAAGCTCATCTTT	58	CAVGGATNKLIF	:::::::::0:-5:8:::::9:-8:36:::	
335	442.0	0.002058178465492915	2	0.0023228803716608595	TGTGCAGAGAACCAGGGAGGAAAGCTTATCTTC	[[[[[[[[[[[[[[[[[[[[[[[[[[[[[[[[[	TRAV13-2*00(1672.9)		TRAJ23*00(548.6)	TRAC*00(104.8)	347|358|380|0|11||110.0		28|52|83|9|33||240.0		TGTGCAGAGAACCAGGGAGGAAAGCTTATCTTC	58	CAENQGGKLIF	:::::::::0:-2:11:::::9:-8:33:::	
65	436.0	0.0020302393913007037	7	0.008130081300813009	TGTGCAGCGAAGGGAGGAGGAAACAAACTCACCTTT	[[[[[[[[[[[[[[[[[[[[[[[[[[[[[[[[[[[[	TRAV29DV5*00(1016.8)		TRAJ10*00(559.2)	TRAC*00(104.7)	365|373|398|0|8||80.0		28|53|84|11|36||250.0		TGTGCAGCGAAGGGAGGAGGAAACAAACTCACCTTT	58	CAAKGGGNKLTF	:::::::::0:-5:8:::::11:-8:36:::	
388	433.0	0.002016269854204598	1	0.0011614401858304297	TGTGCTTATAGGACTGGGAGGAGTGGAGGTAGCAACTATAAACTGACATTT	NNNNNNNNNNNNNNNNNNNNNNNNNNNNNNNNNNNNNNNNNNNNNNNNNNN	TRAV38-2DV8*00(1590.9)		TRAJ53*00(608.7)	TRAC*00(104.9)	353|366|389|0|13||130.0		25|55|86|21|51||300.0		TGTGCTTATAGGACTGGGAGGAGTGGAGGTAGCAACTATAAACTGACATTT	45	CAYRTGRSGGSNYKLTF	:::::::::0:-3:13:::::21:-5:51:::	
121	432.0	0.0020116133418392294	4	0.004645760743321719	TGTGCTGTGGGGGTAAATTCCGGGTATGCACTCAACTTC	[[[[[[[[[[[[[[[[[[[[[[[[[[[[[[[[[[[[[[[	TRAV1-2*00(1374)		TRAJ41*00(539.5)	TRAC*00(105)	332|341|366|0|9||90.0		26|51|82|14|39||250.0		TGTGCTGTGGGGGTAAATTCCGGGTATGCACTCAACTTC	58	CAVGVNSGYALNF	:::::::::0:-5:9:::::14:-6:39:::	
168	431.0	0.0020069568294738605	3	0.003484320557491289	TGTGCTGTGAGAGATCTAAGGGGGGAGATCATCTTT	[[[[[[[[[[[[[[[[[[[[[[[[[[[[[[[[[[[[	TRAV1-2*00(1310.1)		TRAJ30*00(419.2)	TRAC*00(104.9)	332|349|366|0|17||170.0		35|46|77|25|36||110.0		TGTGCTGTGAGAGATCTAAGGGGGGAGATCATCTTT	58	CAVRDLRGEIIF	:::::::::0:3:17:::::25:-15:36:::	
433	427.0	0.0019883307800123862	1	0.0011614401858304297	TGTGCTGTGGCCGCAAGAGGGAACAACAGACTCGCTTTT	NNNNNNNNNNNNNNNNNNNNNNNNNNNNNNNNNNNNNNN	TRAV8-3*00(618.7)		TRAJ7*00(519)	TRAC*00(104.8)	347|357|381|0|10||100.0		27|48|79|18|39||210.0		TGTGCTGTGGCCGCAAGAGGGAACAACAGACTCGCTTTT	45	CAVAARGNNRLAF	:::::::::0:-4:10:::::18:-7:39:::	
448	407.0	0.0018952005327050145	1	0.0011614401858304297	TGTGCTGTGAGAGACACCACGGGCAGGAGAGCACTTACTTTT	NNNNNNNNNNNNNNNNNNNNNNNNNNNNNNNNNNNNNNNNNN	TRAV3*00(676.8)		TRAJ5*00(558)	TRAC*00(104.9)	347|363|383|0|16||160.0		24|49|80|17|42||250.0		TGTGCTGTGAGAGACACCACGGGCAGGAGAGCACTTACTTTT	45	CAVRDTTGRRALTF	:::::::::0:0:16:::::17:-4:42:::	
247	401.0	0.001867261458512803	2	0.0023228803716608595	TGTGCTCTAGGTGTGGGAGGAGGAAACAAACTCACCTTT	[[[[[[[[[[[[[[[[[[[[[[[[[[[[[[[[[[[[[[[	TRAV16*00(1673.2)		TRAJ10*00(559.4)	TRAC*00(105)	335|348|369|0|13|SA344G|101.0		28|53|84|14|39||250.0		TGTGCTCTAGGTGTGGGAGGAGGAAACAAACTCACCTTT	58	CALGVGGGNKLTF	:::::::::0:-1:13:::::14:-8:39:::	
365	390.0	0.0018160398224937487	1	0.0011614401858304297	TGTGTTGTGAGTGATCCCGGTAACCAGTTCTATTTT	NNNNNNNNNNNNNNNNNNNNNNNNNNNNNNNNNNNN	TRAV8-2*00(2023.4)		TRAJ49*00(509.3)	TRAC*00(104.8)	347|363|381|0|16||160.0		25|45|76|16|36||200.0		TGTGTTGTGAGTGATCCCGGTAACCAGTTCTATTTT	45	CVVSDPGNQFYF	:::::::::0:2:16:::::16:-5:36:::	
63	389.0	0.00181138331012838	7	0.008130081300813009	TGTGCCGGGGGGGGAAGCCAAGGAAATCTCATCTTT	[[[[[[[[[[[[[[[[[[[[[[[[[[[[[[[[[[[[	TRAV20*00(1388.1)		TRAJ42*00(549.7)	TRAC*00(104.9)	344|349|377|0|5||50.0		28|55|86|9|36|SA30G|241.0		TGTGCCGGGGGGGGAAGCCAAGGAAATCTCATCTTT	58	CAGGGSQGNLIF	:::::::::0:-8:5:::::9:-8:36:::	
407	389.0	0.00181138331012838	1	0.0011614401858304297	TGTGCTCTGAGTGAGGCGCAGAACAACTTCAACAAATTTTACTTT	NNNNNNNNNNNNNNNNNNNNNNNNNNNNNNNNNNNNNNNNNNNNN	TRAV19*00(1014.8)		TRAJ21*00(539.2)	TRAC*00(104.9)	353|372|390|0|19||190.0		21|44|75|22|45||230.0		TGTGCTCTGAGTGAGGCGCAGAACAACTTCAACAAATTTTACTTT	45	CALSEAQNNFNKFYF	:::::::::0:2:19:::::22:-1:45:::	
456	386.0	0.0017974137730322744	1	0.0011614401858304297	TGTGCTGCCCTCACAGGCTTTCAGAAACTTGTATTT	NNNNNNNNNNNNNNNNNNNNNNNNNNNNNNNNNNNN	TRAV8-3*00(646.7)		TRAJ8*00(558.9)	TRAC*00(104.8)	347|354|381|0|7||70.0		24|49|80|11|36||250.0		TGTGCTGCCCTCACAGGCTTTCAGAAACTTGTATTT	45	CAALTGFQKLVF	:::::::::0:-7:7:::::11:-4:36:::	
415	364.0	0.0016949705009941655	1	0.0011614401858304297	TGTGCTCCGAATGGAGGAAGCCAAGGAAATCTCATCTTT	NNNNNNNNNNNNNNNNNNNNNNNNNNNNNNNNNNNNNNN	TRAV16*00(871.9)		TRAJ42*00(598.4)	TRAC*00(104.8)	335|342|369|0|7||70.0		26|55|86|10|39||290.0		TGTGCTCCGAATGGAGGAAGCCAAGGAAATCTCATCTTT	45	CAPNGGSQGNLIF	:::::::::0:-7:7:::::10:-6:39:::	
476	362.0	0.0016856574762634281	1	0.0011614401858304297	TGTGCCGTCAACACCGGTAACCAGTTCTATTTT	NNNNNNNNNNNNNNNNNNNNNNNNNNNNNNNNN	TRAV24*00(1940.5)		TRAJ49*00(548.4)	TRAC*00(104.8)	353|359|383|0|6||60.0		21|45|76|9|33||240.0		TGTGCCGTCAACACCGGTAACCAGTTCTATTTT	45	CAVNTGNQFYF	:::::::::0:-4:6:::::9:-1:33:::	
373	360.0	0.001676344451532691	1	0.0011614401858304297	TGTGTGGTGATCCCCAACTTCAACAAATTTTACTTT	NNNNNNNNNNNNNNNNNNNNNNNNNNNNNNNNNNNN	TRAV12-1*00(677.9)		TRAJ21*00(528.6)	TRAC*00(104.8)	344|354|377|0|10||100.0		22|44|75|14|36||220.0		TGTGTGGTGATCCCCAACTTCAACAAATTTTACTTT	45	CVVIPNFNKFYF	:::::::::0:-3:10:::::14:-2:36:::	
351	336.0	0.001564588154763845	2	0.0023228803716608595	TGCATCCTGAGAGACTCTCTTACCTCAGGAACCTACAAATACATCTTT	[[[[[[[[[[[[[[[[[[[[[[[[[[[[[[[[[[[[[[[[[[[[[[[[	TRAV26-2*00(1729.3)		TRAJ40*00(588.7)	TRAC*00(104.8)	332|347|367|0|15||150.0		22|50|81|20|48||280.0		TGCATCCTGAGAGACTCTCTTACCTCAGGAACCTACAAATACATCTTT	58	CILRDSLTSGTYKYIF	:::::::::0:0:15:::::20:-2:48:::	
256	335.0	0.0015599316423984763	2	0.0023228803716608595	TGTGCTGTGGGCGAAGCCGCTGGTGGTACTAGCTATGGAAAGCTGACATTT	[[[[[[[[[[[[[[[[[[[[[[[[[[[[[[[[[[[[[[[[[[[[[[[[[[[	TRAV8-3*00(527.8)		TRAJ52*00(639)	TRAC*00(104.8)	347|358|381|0|11||110.0		25|58|89|18|51||330.0		TGTGCTGTGGGCGAAGCCGCTGGTGGTACTAGCTATGGAAAGCTGACATTT	58	CAVGEAAGGTSYGKLTF	:::::::::0:-3:11:::::18:-5:51:::	
71	326.0	0.001518023031110159	6	0.006968641114982578	TGTGCTGTGAGACTCCTCGACACGGGCAGGAGAGCACTTACTTTT	[[[[[[[[[[[[[[[[[[[[[[[[[[[[[[[[[[[[[[[[[[[[[	TRAV3*00(607.6)		TRAJ5*00(577.9)	TRAC*00(104.6)	347|359|383|0|12||120.0		22|49|80|18|45||270.0		TGTGCTGTGAGACTCCTCGACACGGGCAGGAGAGCACTTACTTTT	58	CAVRLLDTGRRALTF	:::::::::0:-4:12:::::18:-2:45:::	
90	323.0	0.0015040534940140534	5	0.005807200929152149	TGTGCTGTGGAGTCAAATTCCGGGTATGCACTCAACTTC	[[[[[[[[[[[[[[[[[[[[[[[[[[[[[[[[[[[[[[[	TRAV21*00(1708)		TRAJ41*00(558.7)	TRAC*00(104.8)	344|353|376|0|9||90.0		24|51|82|12|39||270.0		TGTGCTGTGGAGTCAAATTCCGGGTATGCACTCAACTTC	58	CAVESNSGYALNF	:::::::::0:-3:9:::::12:-4:39:::	
678	318.0	0.0014807709321872104	1	0.0011614401858304297	TGTGCAGCATCTGATACTGGAGGCTTCAAAACCTTCTTT	NNNNNNNNNNNNNNNNNNNNNNNNNNNNNNNNNNNNNNN	TRAV13-1*00(1620.3)		TRAJ9*00(510.6)	TRAC*00(104.8)	344|353|377|0|9||90.0		24|50|81|13|39|ST43CSA44T|202.0		TGTGCAGCATCTGATACTGGAGGCTTCAAAACCTTCTTT	45	CAASDTGGFKTFF	:::::::::0:-4:9:::::13:-4:39:::	
47	317.0	0.0014761144198218417	8	0.009291521486643438	TGTGCCCCGGCCGATCAAACTGGGGCAAACAACCTCTTCTTT	[[[[[[[[[[[[[[[[[[[[[[[[[[[[[[[[[[[[[[[[[[	TRAV24*00(1659.5)		TRAJ36*00(592)	TRAC*00(104.9)	353|359|383|0|6||60.0		18|48|79|12|42||300.0		TGTGCCCCGGCCGATCAAACTGGGGCAAACAACCTCTTCTTT	58	CAPADQTGANNLFF	:::::::::0:-4:6:::::12:2:42:::	
20	305.0	0.0014202362714374188	12	0.013937282229965157	TGTGTGGTGAATGTGGATAGCAGCTATAAATTGATCTTC	[[[[[[[[[[[[[[[[[[[[[[[[[[[[[[[[[[[[[[[	TRAV12-1*00(1015)		TRAJ12*00(552.9)	TRAC*00(104.9)	344|355|377|0|11||110.0		23|49|80|13|39||260.0		TGTGTGGTGAATGTGGATAGCAGCTATAAATTGATCTTC	58	CVVNVDSSYKLIF	:::::::::0:-2:11:::::13:-3:39:::	
153	298.0	0.0013876406848798387	4	0.004645760743321719	TGTGCAATGAGAGCCTGCCGCCGGTTTTCAGATGGCCAGAAGCTGCTCTTT	[[[[[[[[[[[[[[[[[[[[[[[[[[[[[[[[[[[[[[[[[[[[[[[[[[[	TRAV14DV4*00(1109.9)		TRAJ16*00(590)	TRAC*00(104.9)	353|366|390|0|13||130.0		18|49|80|20|51||310.0		TGTGCAATGAGAGCCTGCCGCCGGTTTTCAGATGGCCAGAAGCTGCTCTTT	58	CAMRACRRFSDGQKLLF	:::::::::0:-4:13:::::20:2:51:::	
70	293.0	0.0013643581230529957	6	0.006968641114982578	TGTGCTCTAGATGGAGATGACAAGATCATCTTT	[[[[[[[[[[[[[[[[[[[[[[[[[[[[[[[[[	TRAV6*00(1589.7)		TRAJ30*00(506.6)	TRAC*00(104.6)	347|358|380|0|11||110.0		26|46|77|13|33||200.0		TGTGCTCTAGATGGAGATGACAAGATCATCTTT	58	CALDGDDKIIF	:::::::::0:-2:11:::::13:-6:33:::	
343	285.0	0.0013271060241300471	2	0.0023228803716608595	TGCGCTGTCCCCCAGGCAGGAACTGCTCTGATCTTT	[[[[[[[[[[[[[[[[[[[[[[[[[[[[[[[[[[[[	TRAV1-1*00(1486.6)		TRAJ15*00(557.9)	TRAC*00(104.8)	332|340|366|0|8||80.0		24|49|80|11|36||250.0		TGCGCTGTCCCCCAGGCAGGAACTGCTCTGATCTTT	58	CAVPQAGTALIF	:::::::::0:-6:8:::::11:-4:36:::	
420	283.0	0.00131779299939931	1	0.0011614401858304297	TGTGCTGTCTGGGCAGGCAAATCAACCTTT	NNNNNNNNNNNNNNNNNNNNNNNNNNNNNN	TRAV21*00(1634.8)		TRAJ27*00(489.2)	TRAC*00(104.8)	344|352|376|0|8||80.0		30|48|79|12|30||180.0		TGTGCTGTCTGGGCAGGCAAATCAACCTTT	45	CAVWAGKSTF	:::::::::0:-4:8:::::12:-10:30:::	
702	271.0	0.0012619148510148869	1	0.0011614401858304297	TGTGCAATGAGCGGGGGAGCTGCAGGCAACAAGCTAACTTTT	NNNNNNNNNNNNNNNNNNNNNNNNNNNNNNNNNNNNNNNNNN	TRAV12-3*00(1588.7)		TRAJ17*00(559.5)	TRAC*00(104.7)	350|363|383|0|13||130.0		27|52|83|17|42||250.0		TGTGCAATGAGCGGGGGAGCTGCAGGCAACAAGCTAACTTTT	45	CAMSGGAAGNKLTF	:::::::::0:0:13:::::17:-7:42:::	
352	259.0	0.0012060367026304638	2	0.0023228803716608595	TGCATCGTCAGAGCCGGTTTAAGTGGAGGTAGCAACTATAAACTGACATTT	[[[[[[[[[[[[[[[[[[[[[[[[[[[[[[[[[[[[[[[[[[[[[[[[[[[	TRAV26-1*00(723.1)		TRAJ53*00(608.6)	TRAC*00(104.9)	332|348|368|0|16|ST345C|131.0		25|55|86|21|51||300.0		TGCATCGTCAGAGCCGGTTTAAGTGGAGGTAGCAACTATAAACTGACATTT	58	CIVRAGLSGGSNYKLTF	:::::::::0:0:16:::::21:-5:51:::	
369	258.0	0.0012013801902650953	1	0.0011614401858304297	TGTGTGGTCGTTTCGGACACGGGCAGGAGAGCACTTACTTTT	NNNNNNNNNNNNNNNNNNNNNNNNNNNNNNNNNNNNNNNNNN	TRAV12-1*00(1096.4)		TRAJ5*00(589.3)	TRAC*00(104.8)	344|352|377|0|8||80.0		21|49|80|14|42||280.0		TGTGTGGTCGTTTCGGACACGGGCAGGAGAGCACTTACTTTT	45	CVVVSDTGRRALTF	:::::::::0:-5:8:::::14:-1:42:::	
342	255.0	0.0011874106531689895	2	0.0023228803716608595	TGCCTCGTGGGTGACAAAGCTGCAGGCAACAAGCTAACTTTT	[[[[[[[[[[[[[[[[[[[[[[[[[[[[[[[[[[[[[[[[[[	TRAV4*00(1578.2)		TRAJ17*00(588.5)	TRAC*00(105)	332|348|368|0|16||160.0		24|52|83|14|42||280.0		TGCCTCGTGGGTGACAAAGCTGCAGGCAACAAGCTAACTTTT	58	CLVGDKAAGNKLTF	:::::::::0:0:16:::::14:-4:42:::	
390	254.0	0.001182754140803621	1	0.0011614401858304297	TGTGCTCTTACCATGGACACGGGCAGGAGAGCACTTACTTTT	NNNNNNNNNNNNNNNNNNNNNNNNNNNNNNNNNNNNNNNNNN	TRAV6*00(1451.8)		TRAJ5*00(628.5)	TRAC*00(104.8)	347|355|380|0|8||80.0		17|49|80|10|42||320.0		TGTGCTCTTACCATGGACACGGGCAGGAGAGCACTTACTTTT	45	CALTMDTGRRALTF	:::::::::0:-5:8:::::10:3:42:::	
386	252.0	0.0011734411160728838	1	0.0011614401858304297	TGTGCTTATATGGTAGGAGCTGCAGGCAACAAGCTAACTTTT	NNNNNNNNNNNNNNNNNNNNNNNNNNNNNNNNNNNNNNNNNN	TRAV38-2DV8*00(1655.2)		TRAJ17*00(559.1)	TRAC*00(104.9)	353|363|389|0|10||100.0		27|52|83|17|42||250.0		TGTGCTTATATGGTAGGAGCTGCAGGCAACAAGCTAACTTTT	45	CAYMVGAAGNKLTF	:::::::::0:-6:10:::::17:-7:42:::	
174	251.0	0.0011687846037075152	3	0.003484320557491289	TGTGCCGTGAATGCGAAAAGCAGTGCTTCCAAGATAATCTTT	[[[[[[[[[[[[[[[[[[[[[[[[[[[[[[[[[[[[[[[[[[	TRAV8-1*00(667.5)		TRAJ3*00(548.4)	TRAC*00(104.8)	347|362|381|0|15||150.0		27|51|82|18|42||240.0		TGTGCCGTGAATGCGAAAAGCAGTGCTTCCAAGATAATCTTT	58	CAVNAKSSASKIIF	:::::::::0:1:15:::::18:-7:42:::	
167	245.0	0.0011408455295153037	3	0.003484320557491289	TGTGCTGTGAGGCCTGGGGGTTACCAGAAAGTTACCTTT	[[[[[[[[[[[[[[[[[[[[[[[[[[[[[[[[[[[[[[[	TRAV1-2*00(1023.6)		TRAJ13*00(539.6)	TRAC*00(104.6)	332|343|366|0|11||110.0		26|52|83|13|39||260.0		TGTGCTGTGAGGCCTGGGGGTTACCAGAAAGTTACCTTT	58	CAVRPGGYQKVTF	:::::::::0:-3:11:::::13:-6:39:::	
482	244.0	0.001136189017149935	1	0.0011614401858304297	TGTGCCGTGAACCCCCTCGCCGGTAACCAGTTCTATTTT	NNNNNNNNNNNNNNNNNNNNNNNNNNNNNNNNNNNNNNN	TRAV8-1*00(656.8)		TRAJ49*00(507.8)	TRAC*00(104.8)	347|358|381|0|11||110.0		25|45|76|19|39||200.0		TGTGCCGTGAACCCCCTCGCCGGTAACCAGTTCTATTTT	45	CAVNPLAGNQFYF	:::::::::0:-3:11:::::19:-5:39:::	
117	243.0	0.0011315325047845666	4	0.004645760743321719	TGTGCTTTCATGACCTACAATAACAATGACATGCGCTTT	[[[[[[[[[[[[[[[[[[[[[[[[[[[[[[[[[[[[[[[	TRAV38-1*00(1932.9)		TRAJ43*00(549.8)	TRAC*00(105)	353|366|390|0|13||130.0		19|43|74|15|39||240.0		TGTGCTTTCATGACCTACAATAACAATGACATGCGCTTT	58	CAFMTYNNNDMRF	:::::::::0:-4:13:::::15:1:39:::	
670	242.0	0.0011268759924191979	1	0.0011614401858304297	TGTGCGCGAGGTAAGATCATCTTT	NNNNNNNNNNNNNNNNNNNNNNNN	TRAV6*00(1594.1)		TRAJ30*00(427.2)	TRAC*00(104.4)	347|352|380|0|5||50.0		34|46|77|12|24||120.0		TGTGCGCGAGGTAAGATCATCTTT	45	CARGKIIF	:::::::::0:-8:5:::::12:-14:24:::	
241	234.0	0.0010896238934962493	2	0.0023228803716608595	TGTGTGGTGAACAACGATGGAGGCTTCAAAACTATCTTT	[[[[[[[[[[[[[[[[[[[[[[[[[[[[[[[[[[[[[[[	TRAV12-1*00(669.3)		TRAJ9*00(529.3)	TRAC*00(104.8)	344|357|377|0|13||130.0		28|50|81|17|39||220.0		TGTGTGGTGAACAACGATGGAGGCTTCAAAACTATCTTT	58	CVVNNDGGFKTIF	:::::::::0:0:13:::::17:-8:39:::	
385	227.0	0.0010570283069386691	1	0.0011614401858304297	TGTGCTTGGAGGAGCATGAATTATGGAGGAAGCCAAGGAAATCTCATCTTT	NNNNNNNNNNNNNNNNNNNNNNNNNNNNNNNNNNNNNNNNNNNNNNNNNNN	TRAV38-2DV8*00(1552)		TRAJ42*00(679)	TRAC*00(104.8)	353|368|389|0|15|SA360GST361G|92.0		18|55|86|14|51||370.0		TGTGCTTGGAGGAGCATGAATTATGGAGGAAGCCAAGGAAATCTCATCTTT	45	CAWRSMNYGGSQGNLIF	:::::::::0:-1:15:::::14:2:51:::	
462	225.0	0.001047715282207932	1	0.0011614401858304297	TGTGCTACGGTCAACAATGACATGCGCTTT	NNNNNNNNNNNNNNNNNNNNNNNNNNNNNN	TRAV17*00(739.2)		TRAJ43*00(488.5)	TRAC*00(104.7)	344|354|377|0|10||100.0		25|43|74|12|30||180.0		TGTGCTACGGTCAACAATGACATGCGCTTT	45	CATVNNDMRF	:::::::::0:-3:10:::::12:-5:30:::	
441	219.0	0.0010197762080157203	1	0.0011614401858304297	TGTGCTGTGAGGCCTGATTCCGGGTATGCACTCAACTTC	NNNNNNNNNNNNNNNNNNNNNNNNNNNNNNNNNNNNNNN	TRAV21*00(1984.1)		TRAJ41*00(518.9)	TRAC*00(104.9)	344|359|376|0|15||150.0		28|51|82|16|39||230.0		TGTGCTGTGAGGCCTGATTCCGGGTATGCACTCAACTTC	45	CAVRPDSGYALNF	:::::::::0:3:15:::::16:-8:39:::	
89	207.0	9.638980596312973E-4	5	0.005807200929152149	TGTGCTGTCCCCCTTGGAGCAGGCAACATGCTCACCTTT	[[[[[[[[[[[[[[[[[[[[[[[[[[[[[[[[[[[[[[[	TRAV41*00(793.6)		TRAJ39*00(500.1)	TRAC*00(104.8)	344|353|376|0|9||90.0		31|52|83|18|39||210.0		TGTGCTGTCCCCCTTGGAGCAGGCAACATGCTCACCTTT	58	CAVPLGAGNMLTF	:::::::::0:-3:9:::::18:-11:39:::	
452	207.0	9.638980596312973E-4	1	0.0011614401858304297	TGTGCTGTATCCTCAAACCAGGCAGGAACTGCTCTGATCTTT	NNNNNNNNNNNNNNNNNNNNNNNNNNNNNNNNNNNNNNNNNN	TRAV8-3*00(1688.3)		TRAJ15*00(579.6)	TRAC*00(105)	347|355|381|0|8||80.0		22|49|80|15|42||270.0		TGTGCTGTATCCTCAAACCAGGCAGGAACTGCTCTGATCTTT	45	CAVSSNQAGTALIF	:::::::::0:-6:8:::::15:-2:42:::	
475	202.0	9.406154978044545E-4	1	0.0011614401858304297	TGTGCCGTCGTTCCTCCATATGCTGGCAACAACCGTAAGCTGATTTGG	NNNNNNNNNNNNNNNNNNNNNNNNNNNNNNNNNNNNNNNNNNNNNNNN	TRAV12-2*00(1024)		TRAJ38*00(599.1)	TRAC*00(104.9)	350|358|383|0|8||80.0		22|51|82|19|48||290.0		TGTGCCGTCGTTCCTCCATATGCTGGCAACAACCGTAAGCTGATTTGG	45	CAVVPPYAGNNRKLIW	:::::::::0:-5:8:::::19:-2:48:::	
691	193.0	8.987068865161372E-4	1	0.0011614401858304297	TGTGCAGGCCCACCTTCCGGGTATGCACTCAACTTC	NNNNNNNNNNNNNNNNNNNNNNNNNNNNNNNNNNNN	TRAV27*00(1184.5)		TRAJ41*00(509.6)	TRAC*00(104.9)	338|346|368|0|8||80.0		29|51|82|14|36||220.0		TGTGCAGGCCCACCTTCCGGGTATGCACTCAACTTC	45	CAGPPSGYALNF	:::::::::0:-2:8:::::14:-9:36:::	
443	190.0	8.847373494200313E-4	1	0.0011614401858304297	TGTGCTGTGAGAGATCCCTTACCGACTACAAGCTCAGCTTT	NNNNNNNNNNNNNNNNNNNNNNNNNNNNNNNNNNNNNNNNN	TRAV1-2*00(821.1)		TRAJ20*00(500.2)	TRAC*00(104.9)	332|354|366|0|22|ST348CSC351T|162.0		24|46|77|19|41|SA26C|191.0		TGTGCTGTGAGAGATCCCTTACCGACTACAAGCTCAGCTTT	45	CAVRDPL_DYKLSF	:::::::::0:8:22:::::19:-4:41:::	
675	182.0	8.474852504970827E-4	1	0.0011614401858304297	TGTGCAGTCACCAATGCAGGCAAATCAACCTTT	NNNNNNNNNNNNNNNNNNNNNNNNNNNNNNNNN	TRAV12-3*00(1074.7)		TRAJ27*00(559.2)	TRAC*00(104.9)	350|356|383|0|6||60.0		23|48|79|8|33||250.0		TGTGCAGTCACCAATGCAGGCAAATCAACCTTT	45	CAVTNAGKSTF	:::::::::0:-7:6:::::8:-3:33:::	
424	181.0	8.428287381317141E-4	1	0.0011614401858304297	TGTGCTGTCGTGGTCACCGACAAGCTCATCTTT	NNNNNNNNNNNNNNNNNNNNNNNNNNNNNNNNN	TRAV41*00(318.3)		TRAJ34*00(499.7)	TRAC*00(107.1)	344|353|376|0|9||90.0		28|47|78|14|33||190.0		TGTGCTGTCGTGGTCACCGACAAGCTCATCTTT	45	CAVVVTDKLIF	:::::::::0:-3:9:::::14:-8:33:::	
474	179.0	8.335157134009769E-4	1	0.0011614401858304297	TGTGCCGTTGATCAGGGAGCCCAGAAGCTGGTATTT	NNNNNNNNNNNNNNNNNNNNNNNNNNNNNNNNNNNN	TRAV12-2*00(1145.1)		TRAJ54*00(558.8)	TRAC*00(104.8)	350|358|383|0|8||80.0		24|49|80|11|36||250.0		TGTGCCGTTGATCAGGGAGCCCAGAAGCTGGTATTT	45	CAVDQGAQKLVF	:::::::::0:-5:8:::::11:-4:36:::	
479	177.0	8.242026886702398E-4	1	0.0011614401858304297	TGTGCCGTGGACTTTGGAAATGAGAAATTAACCTTT	NNNNNNNNNNNNNNNNNNNNNNNNNNNNNNNNNNNN	TRAV12-2*00(1147.8)		TRAJ48*00(569.5)	TRAC*00(104.9)	350|362|383|0|12|SA359G|91.0		26|52|83|10|36||260.0		TGTGCCGTGGACTTTGGAAATGAGAAATTAACCTTT	45	CAVDFGNEKLTF	:::::::::0:-1:12:::::10:-6:36:::	
375	176.0	8.195461763048712E-4	1	0.0011614401858304297	TGTGTGGTGAGCTCAGGAACCTACAAATACATCTTT	NNNNNNNNNNNNNNNNNNNNNNNNNNNNNNNNNNNN	TRAV12-1*00(678.1)		TRAJ40*00(559)	TRAC*00(104.9)	344|354|377|0|10||100.0		25|50|81|11|36||250.0		TGTGTGGTGAGCTCAGGAACCTACAAATACATCTTT	45	CVVSSGTYKYIF	:::::::::0:-3:10:::::11:-5:36:::	
123	173.0	8.055766392087655E-4	4	0.004645760743321719	TGTGCTGTGAGTGAGGGCAATAACAATGACATGCGCTTT	[[[[[[[[[[[[[[[[[[[[[[[[[[[[[[[[[[[[[[[	TRAV8-6*00(683.9)		TRAJ43*00(526.7)	TRAC*00(104.9)	347|361|381|0|14||140.0		21|43|74|17|39||220.0		TGTGCTGTGAGTGAGGGCAATAACAATGACATGCGCTTT	58	CAVSEGNNNDMRF	:::::::::0:0:14:::::17:-1:39:::	
477	170.0	7.916071021126596E-4	1	0.0011614401858304297	TGTGCCGTGCTAGAAGGGAACAACAGACTCGCTTTT	NNNNNNNNNNNNNNNNNNNNNNNNNNNNNNNNNNNN	TRAV12-2*00(1155.3)		TRAJ7*00(519.3)	TRAC*00(104.9)	350|359|383|0|9||90.0		27|48|79|15|36||210.0		TGTGCCGTGCTAGAAGGGAACAACAGACTCGCTTTT	45	CAVLEGNNRLAF	:::::::::0:-4:9:::::15:-7:36:::	
481	169.0	7.869505897472911E-4	1	0.0011614401858304297	TGTGCCGTGAATGAAGCTGCAGGCAACAAGCTAACTTTT	NNNNNNNNNNNNNNNNNNNNNNNNNNNNNNNNNNNNNNN	TRAV12-2*00(1129.4)		TRAJ17*00(568.1)	TRAC*00(104.7)	350|361|383|0|11||110.0		26|52|83|13|39||260.0		TGTGCCGTGAATGAAGCTGCAGGCAACAAGCTAACTTTT	45	CAVNEAAGNKLTF	:::::::::0:-2:11:::::13:-6:39:::	
430	155.0	7.217594166321309E-4	1	0.0011614401858304297	TGTGCTGTGCACACGGGAGGAGGAAACAAACTCACCTTT	NNNNNNNNNNNNNNNNNNNNNNNNNNNNNNNNNNNNNNN	TRAV2*00(290.9)		TRAJ10*00(588.9)	TRAC*00(105.8)	344|353|378|0|9||90.0		25|53|84|11|39||280.0		TGTGCTGTGCACACGGGAGGAGGAAACAAACTCACCTTT	45	CAVHTGGGNKLTF	:::::::::0:-5:9:::::11:-5:39:::	
368	149.0	6.938203424399194E-4	1	0.0011614401858304297	TGTGTGGTCCTCCGGAATAACAATGCCAGACTCATGTTT	NNNNNNNNNNNNNNNNNNNNNNNNNNNNNNNNNNNNNNN	TRAV12-1*00(1655.5)		TRAJ31*00(599)	TRAC*00(104.8)	344|352|377|0|8||80.0		17|46|77|10|39||290.0		TGTGTGGTCCTCCGGAATAACAATGCCAGACTCATGTTT	45	CVVLRNNNARLMF	:::::::::0:-5:8:::::10:3:39:::	
336	137.0	6.379421940554963E-4	2	0.0023228803716608595	TGTGCAATGATCACCTGAGAGGGAACCTACAAATACATCTTT	[[[[[[[[[[[[[[[[[[[[[[[[[[[[[[[[[[[[[[[[[[	TRAV12-3*00(1224.4)		TRAJ40*00(519.4)	TRAC*00(104.2)	350|360|383|0|10||100.0		29|50|81|21|42||210.0		TGTGCAATGATCACCTGAGAGGGAACCTACAAATACATCTTT	58	CAMIT*EGTYKYIF	:::::::::0:-3:10:::::21:-9:42:::	
171	135.0	6.286291693247591E-4	3	0.003484320557491289	TGTGCTGCAGGTGCGGGGTTCTGGGGGTTACCAGAAAGTTACCTTT	[[[[[[[[[[[[[[[[[[[[[[[[[[[[[[[[[[[[[[[[[[[[[[	TRAV8-5*00(1498)		TRAJ13*00(560.5)	TRAC*00(104.7)	1424|1439|1458|0|15||150.0		24|52|83|18|46||280.0		TGTGCTGCAGGTGCGGGGTTCTGGGGGTTACCAGAAAGTTACCTTT	58	CAAGAGFW_GYQKVTF	:::::::::0:1:15:::::18:-4:46:::	
119	132.0	6.146596322286534E-4	4	0.004645760743321719	TGTGCTTATAGGAGGGGAATTTCTTCTGGTTCTGCAAGGCAACTGACCTTT	[[[[[[[[[[[[[[[[[[[[[[[[[[[[[[[[[[[[[[[[[[[[[[[[[[[	TRAV38-2DV8*00(1563.7)		TRAJ22*00(626.4)	TRAC*00(104.8)	353|367|389|0|14||140.0		18|52|83|17|51||340.0		TGTGCTTATAGGAGGGGAATTTCTTCTGGTTCTGCAAGGCAACTGACCTTT	58	CAYRRGISSGSARQLTF	:::::::::0:-2:14:::::17:2:51:::	
463	132.0	6.146596322286534E-4	1	0.0011614401858304297	TGTGCTACGGCCCTCTATTCAGGAAACACACCTCTTGTCTTT	NNNNNNNNNNNNNNNNNNNNNNNNNNNNNNNNNNNNNNNNNN	TRAV17*00(1224.1)		TRAJ29*00(568.2)	TRAC*00(105)	344|354|377|0|10||100.0		23|49|80|16|42||260.0		TGTGCTACGGCCCTCTATTCAGGAAACACACCTCTTGTCTTT	45	CATALYSGNTPLVF	:::::::::0:-3:10:::::16:-3:42:::	
261	125.0	5.820640456710732E-4	2	0.0023228803716608595	TGTGCTGTGAGGCCTCGTATGGGAGGCTCAACCCTGGGGAGGCTATACTTT	[[[[[[[[[[[[[[[[[[[[[[[[[[[[[[[[[[[[[[[[[[[[[[[[[[[	TRAV21*00(1382.6)		TRAJ18*00(577.9)	TRAC*00(105)	344|360|376|0|16||160.0		26|55|86|22|51||290.0		TGTGCTGTGAGGCCTCGTATGGGAGGCTCAACCCTGGGGAGGCTATACTTT	58	CAVRPRMGGSTLGRLYF	:::::::::0:4:16:::::22:-6:51:::	
397	120.0	5.587814838442304E-4	1	0.0011614401858304297	TGTGCTCTGATCCCAAGATGGCCAGAAGCTGCTCTTT	NNNNNNNNNNNNNNNNNNNNNNNNNNNNNNNNNNNNN	TRAV19*00(1287.8)		TRAJ16*00(500.3)	TRAC*00(104.8)	353|363|390|0|10||100.0		27|49|80|15|37||220.0		TGTGCTCTGATCCCAAGATGGCCAGAAGCTGCTCTTT	45	CALIPR_GQKLLF	:::::::::0:-7:10:::::15:-7:37:::	
680	120.0	5.587814838442304E-4	1	0.0011614401858304297	TGTGCAGCACCGCCGTAAATAATGCAGGCAACATGCTCACCTTT	NNNNNNNNNNNNNNNNNNNNNNNNNNNNNNNNNNNNNNNNNNNN	TRAV13-1*00(1405)		TRAJ39*00(561.6)	TRAC*00(104.8)	344|353|377|0|9||90.0		25|52|83|17|44||270.0		TGTGCAGCACCGCCGTAAATAATGCAGGCAACATGCTCACCTTT	45	CAAPP*I_AGNMLTF	:::::::::0:-4:9:::::17:-5:44:::	
440	118.0	5.494684591134932E-4	1	0.0011614401858304297	TGTGCTGTGAGGTCCAACCAGGCAGGAACTGCTCTGATCTTT	NNNNNNNNNNNNNNNNNNNNNNNNNNNNNNNNNNNNNNNNNN	TRAV3*00(626.6)		TRAJ15*00(597.3)	TRAC*00(104.6)	347|358|383|0|11||110.0		20|49|80|13|42||290.0		TGTGCTGTGAGGTCCAACCAGGCAGGAACTGCTCTGATCTTT	45	CAVRSNQAGTALIF	:::::::::0:-5:11:::::13:0:42:::	
738	115.0	5.354989220173874E-4	1	0.0011614401858304297	TGCATCGTCAGACCTGCGGGCGGCACTGCCAGTAAACTCACCTTT	NNNNNNNNNNNNNNNNNNNNNNNNNNNNNNNNNNNNNNNNNNNNN	TRAV26-1*00(1142.1)		TRAJ44*00(535.8)	TRAC*00(105)	332|344|368|0|12||120.0		27|52|83|20|45||250.0		TGCATCGTCAGACCTGCGGGCGGCACTGCCAGTAAACTCACCTTT	45	CIVRPAGGTASKLTF	:::::::::0:-4:12:::::20:-7:45:::	
150	110.0	5.122163601905445E-4	4	0.004645760743321719	TGTGCAGCAAGTGCCGAAGAATTCCGGGTATGCACTCAACTTC	[[[[[[[[[[[[[[[[[[[[[[[[[[[[[[[[[[[[[[[[[[[	TRAV13-1*00(1296.8)		TRAJ41*00(530)	TRAC*00(105)	344|356|377|0|12||120.0		27|51|82|19|43||240.0		TGTGCAGCAAGTGCCGAAGAATTCCGGGTATGCACTCAACTTC	58	CAASAEE_SGYALNF	:::::::::0:-1:12:::::19:-7:43:::	
382	101.0	4.7030774890222723E-4	1	0.0011614401858304297	TGTGCTTTGGGTTCTGCAAGGCAACTGACCTTT	NNNNNNNNNNNNNNNNNNNNNNNNNNNNNNNNN	TRAV38-1*00(668.6)		TRAJ22*00(531.9)	TRAC*00(104.9)	353|361|390|0|8||80.0		28|52|83|9|33||240.0		TGTGCTTTGGGTTCTGCAAGGCAACTGACCTTT	45	CALGSARQLTF	:::::::::0:-9:8:::::9:-8:33:::	
219	99.0	4.6099472417149E-4	3	0.003484320557491289	TGTGCAGCAAGATTTAGCGACCAGGGAGGAAAGCTTATCTTC	[[[[[[[[[[[[[[[[[[[[[[[[[[[[[[[[[[[[[[[[[[	TRAV13-1*00(970.7)		TRAJ23*00(538)	TRAC*00(104.1)	344|355|377|0|11||110.0		29|52|83|19|42||230.0		TGTGCAGCAAGATTTAGCGACCAGGGAGGAAAGCTTATCTTC	58	CAARFSDQGGKLIF	:::::::::0:-2:11:::::19:-9:42:::	
115	90.0	4.1908611288317274E-4	4	0.004645760743321719	TGTGTGGTGAGCGCCGGTACATCAGGAGGAAGCTACATACCTACATTT	[[[[[[[[[[[[[[[[[[[[[[[[[[[[[[[[[[[[[[[[[[[[[[[[	TRAV10*00(1719.3)		TRAJ6*00(598.1)	TRAC*00(104.8)	350|364|383|0|14||140.0		22|51|82|19|48||290.0		TGTGTGGTGAGCGCCGGTACATCAGGAGGAAGCTACATACCTACATTT	58	CVVSAGTSGGSYIPTF	:::::::::0:1:14:::::19:-2:48:::	
255	89.0	4.1442960051780417E-4	2	0.0023228803716608595	TGTGCTGTGGTCCTAAATACTGGAGCCTTCAAAACTATCTTT	[[[[[[[[[[[[[[[[[[[[[[[[[[[[[[[[[[[[[[[[[[	TRAV22*00(746.9)		TRAJ9*00(560.1)	TRAC*00(104.8)	338|348|371|0|10||100.0		22|50|81|14|42|SG33C|251.0		TGTGCTGTGGTCCTAAATACTGGAGCCTTCAAAACTATCTTT	58	CAVVLNTGAFKTIF	:::::::::0:-3:10:::::14:-2:42:::	
447	88.0	4.097730881524356E-4	1	0.0011614401858304297	TGTGCTGTGAGAGACATGAGCGACTACAAGCTCAGCTTT	NNNNNNNNNNNNNNNNNNNNNNNNNNNNNNNNNNNNNNN	TRAV3*00(724.9)		TRAJ20*00(498)	TRAC*00(105)	347|365|383|0|18||180.0		27|46|77|20|39||190.0		TGTGCTGTGAGAGACATGAGCGACTACAAGCTCAGCTTT	45	CAVRDMSDYKLSF	:::::::::0:2:18:::::20:-7:39:::	
413	79.0	3.678644768641183E-4	1	0.0011614401858304297	TGTGCTCTAAGTGGAGCAGGGGGGGCAAACAACCTCTTCTTT	NNNNNNNNNNNNNNNNNNNNNNNNNNNNNNNNNNNNNNNNNN	TRAV16*00(1277)		TRAJ36*00(500.7)	TRAC*00(105)	335|349|369|0|14||140.0		27|48|79|21|42||210.0		TGTGCTCTAAGTGGAGCAGGGGGGGCAAACAACCTCTTCTTT	45	CALSGAGGANNLFF	:::::::::0:0:14:::::21:-7:42:::	
380	75.0	3.4923842740264396E-4	1	0.0011614401858304297	TGTGCTTTCATGAGGGGGTCTAATACCGGCACTGCCAGTAAACTCACCTTT	NNNNNNNNNNNNNNNNNNNNNNNNNNNNNNNNNNNNNNNNNNNNNNNNNNN	TRAV38-1*00(1437.7)		TRAJ44*00(583.9)	TRAC*00(105)	353|366|390|0|13||130.0		22|52|83|21|51||300.0		TGTGCTTTCATGAGGGGGTCTAATACCGGCACTGCCAGTAAACTCACCTTT	45	CAFMRGSNTGTASKLTF	:::::::::0:-4:13:::::21:-2:51:::	
166	74.0	3.445819150372754E-4	3	0.003484320557491289	TGTGCTGTGACGGGTAGCAACTATCAGTTAATCTGG	[[[[[[[[[[[[[[[[[[[[[[[[[[[[[[[[[[[[	TRAV21*00(1429.2)		TRAJ33*00(530.7)	TRAC*00(105)	344|354|376|0|10||100.0		21|46|77|11|36|SA23G|221.0		TGTGCTGTGACGGGTAGCAACTATCAGTTAATCTGG	58	CAVTGSNYQLIW	:::::::::0:-2:10:::::11:-1:36:::	
393	73.0	3.399254026719068E-4	1	0.0011614401858304297	TGTGCTCTCAGAAAGATCAAAGCTGCAGGCAACAAGCTAACTTTT	NNNNNNNNNNNNNNNNNNNNNNNNNNNNNNNNNNNNNNNNNNNNN	TRAV9-2*00(811)		TRAJ17*00(620)	TRAC*00(105)	344|355|378|0|11|SG352C|81.0		21|52|83|14|45||310.0		TGTGCTCTCAGAAAGATCAAAGCTGCAGGCAACAAGCTAACTTTT	45	CALRKIKAAGNKLTF	:::::::::0:-3:11:::::14:-1:45:::	
683	73.0	3.399254026719068E-4	1	0.0011614401858304297	TGTGCAGCAACCTATTCGTCTGGTTCTGCAAGGCAACTGACCTTT	NNNNNNNNNNNNNNNNNNNNNNNNNNNNNNNNNNNNNNNNNNNNN	TRAV29DV5*00(1343.8)		TRAJ22*00(572.3)	TRAC*00(104.8)	365|375|398|0|10||100.0		21|52|83|14|45|ST24G|281.0		TGTGCAGCAACCTATTCGTCTGGTTCTGCAAGGCAACTGACCTTT	45	CAATYSSGSARQLTF	:::::::::0:-3:10:::::14:-1:45:::	
672	72.0	3.352688903065382E-4	1	0.0011614401858304297	TGTGCACTCCGTTCAGGAAACACACCTCTTGTCTTT	NNNNNNNNNNNNNNNNNNNNNNNNNNNNNNNNNNNN	TRAV29DV5*00(1667)		TRAJ29*00(559.2)	TRAC*00(104.8)	365|371|398|0|6||60.0		24|49|80|11|36||250.0		TGTGCACTCCGTTCAGGAAACACACCTCTTGTCTTT	45	CALRSGNTPLVF	:::::::::0:-7:6:::::11:-4:36:::	
250	67.0	3.1198632847969526E-4	2	0.0023228803716608595	TGTGCTCCTCATTACAATAACAATGACATGCGCTTT	[[[[[[[[[[[[[[[[[[[[[[[[[[[[[[[[[[[[	TRAV13-1*00(1283.5)		TRAJ43*00(549.1)	TRAC*00(105)	344|349|377|0|5||50.0		19|43|74|12|36||240.0		TGTGCTCCTCATTACAATAACAATGACATGCGCTTT	58	CAPHYNNNDMRF	:::::::::0:-8:5:::::12:1:36:::	
332	61.0	2.8404725428748376E-4	2	0.0023228803716608595	TGTGCAGCAAGCGCGCAAACTGGGGCAAACAACCTCTTCTTT	[[[[[[[[[[[[[[[[[[[[[[[[[[[[[[[[[[[[[[[[[[	TRAV29DV5*00(1644.4)		TRAJ36*00(564.8)	TRAC*00(105)	365|381|398|0|16||160.0		21|48|79|15|42||270.0		TGTGCAGCAAGCGCGCAAACTGGGGCAAACAACCTCTTCTTT	58	CAASAQTGANNLFF	:::::::::0:3:16:::::15:-1:42:::	
461	61.0	2.8404725428748376E-4	1	0.0011614401858304297	TGTGCTACCTCGAACTCAAATTCCGGGTATGCACTCAACTTC	NNNNNNNNNNNNNNNNNNNNNNNNNNNNNNNNNNNNNNNNNN	TRAV17*00(1456.2)		TRAJ41*00(618.1)	TRAC*00(104.8)	344|352|377|0|8||80.0		18|51|82|9|42||330.0		TGTGCTACCTCGAACTCAAATTCCGGGTATGCACTCAACTTC	45	CATSNSNSGYALNF	:::::::::0:-5:8:::::9:2:42:::	
260	51.0	2.374821306337979E-4	2	0.0023228803716608595	TGTGCTGTGAGTATGATCAAAGCTGCAGGCAACAAGCTAACTTTT	[[[[[[[[[[[[[[[[[[[[[[[[[[[[[[[[[[[[[[[[[[[[[	TRAV8-6*00(260)		TRAJ17*00(640)	TRAC*00(106.6)	347|359|381|0|12||120.0		10|52|83|3|45|ST13GST17GSC18T|333.0		TGTGCTGTGAGTATGATCAAAGCTGCAGGCAACAAGCTAACTTTT	58	CAVSMIKAAGNKLTF	:::::::::0:-2:12:::::3:10:45:::	
151	49.0	2.2816910590306073E-4	4	0.004645760743321719	TGTGCAGCAAGCGAGGCTAGCAACACAGGCAAACTAATCTTT	[[[[[[[[[[[[[[[[[[[[[[[[[[[[[[[[[[[[[[[[[[	TRAV23DV6*00(1482.6)		TRAJ37*00(535.3)	TRAC*00(104.8)	371|383|404|0|12||120.0		25|51|82|16|42|SG27A|231.0		TGTGCAGCAAGCGAGGCTAGCAACACAGGCAAACTAATCTTT	58	CAASEASNTGKLIF	:::::::::0:-1:12:::::16:-5:42:::	
221	49.0	2.2816910590306073E-4	3	0.003484320557491289	TGTGCAGGGGATAAATTGATCTTC	[[[[[[[[[[[[[[[[[[[[[[[[	TRAV25*00(788.7)		TRAJ12*00(435.7)	TRAC*00(105)	338|347|367|0|9||90.0		35|49|80|10|24||140.0		TGTGCAGGGGATAAATTGATCTTC	58	CAGDKLIF	:::::::::0:0:9:::::10:-15:24:::	
233	47.0	2.1885608117232355E-4	3	0.003484320557491289	TGCATCCTCTGGATGGATAGCAGCTATAAATTGATCTTC	[[[[[[[[[[[[[[[[[[[[[[[[[[[[[[[[[[[[[[[	TRAV26-2*00(1666.8)		TRAJ12*00(585.3)	TRAC*00(104.5)	332|340|367|0|8||80.0		17|49|80|7|39|SC19T|291.0		TGCATCCTCTGGATGGATAGCAGCTATAAATTGATCTTC	58	CILWMDSSYKLIF	:::::::::0:-7:8:::::7:3:39:::	
253	44.0	2.048865440762178E-4	2	0.0023228803716608595	TGTGCTGTGTCGAGTAGCAACTATCAGTTAATCTGG	[[[[[[[[[[[[[[[[[[[[[[[[[[[[[[[[[[[[	TRAV21*00(1434.8)		TRAJ33*00(526.6)	TRAC*00(105)	344|353|376|0|9||90.0		24|46|77|14|36||220.0		TGTGCTGTGTCGAGTAGCAACTATCAGTTAATCTGG	58	CAVSSSNYQLIW	:::::::::0:-3:9:::::14:-4:36:::	
371	44.0	2.048865440762178E-4	1	0.0011614401858304297	TGTGTGGTGCGAAATTCAGGAGGAGGTGCTGACGGACTCACCTTT	NNNNNNNNNNNNNNNNNNNNNNNNNNNNNNNNNNNNNNNNNNNNN	TRAV10*00(1698.1)		TRAJ45*00(617.5)	TRAC*00(105)	350|359|383|0|9||90.0		23|55|86|13|45||320.0		TGTGTGGTGCGAAATTCAGGAGGAGGTGCTGACGGACTCACCTTT	45	CVVRNSGGGADGLTF	:::::::::0:-4:9:::::13:-3:45:::	
254	42.0	1.9557351934548062E-4	2	0.0023228803716608595	TGTGCTGTGCAGGCCGACAGAGGCTCAACCCTGGGGAGGCTATACTTT	[[[[[[[[[[[[[[[[[[[[[[[[[[[[[[[[[[[[[[[[[[[[[[[[	TRAV20*00(1587.3)		TRAJ18*00(645.3)	TRAC*00(105)	344|359|377|0|15||150.0		18|55|86|11|48||370.0		TGTGCTGTGCAGGCCGACAGAGGCTCAACCCTGGGGAGGCTATACTTT	58	CAVQADRGSTLGRLYF	:::::::::0:2:15:::::11:2:48:::	
460	42.0	1.9557351934548062E-4	1	0.0011614401858304297	TGTGCTACTTCTCTTTCTGGTGGCTACAATAAGCTGATTTTT	NNNNNNNNNNNNNNNNNNNNNNNNNNNNNNNNNNNNNNNNNN	TRAV17*00(1141.2)		TRAJ4*00(600.2)	TRAC*00(105)	344|352|377|0|8||80.0		23|52|83|13|42||290.0		TGTGCTACTTCTCTTTCTGGTGGCTACAATAAGCTGATTTTT	45	CATSLSGGYNKLIF	:::::::::0:-5:8:::::13:-3:42:::	
258	40.0	1.8626049461474345E-4	2	0.0023228803716608595	TGTGCTGTGATGGATAGCAACTATCAGTTAATCTGG	[[[[[[[[[[[[[[[[[[[[[[[[[[[[[[[[[[[[	TRAV1-2*00(1397.4)		TRAJ33*00(580)	TRAC*00(105)	332|342|366|0|10||100.0		19|46|77|9|36||270.0		TGTGCTGTGATGGATAGCAACTATCAGTTAATCTGG	58	CAVMDSNYQLIW	:::::::::0:-4:10:::::9:1:36:::	
259	40.0	1.8626049461474345E-4	2	0.0023228803716608595	TGTGCTGTGATAGATAGCAACTATCAGTTAATCTGG	[[[[[[[[[[[[[[[[[[[[[[[[[[[[[[[[[[[[	TRAV1-2*00(1162.5)		TRAJ33*00(545.6)	TRAC*00(105)	332|347|366|0|15|SG342T|121.0		19|46|77|9|36|SG21A|241.0		TGTGCTGTGATAGATAGCAACTATCAGTTAATCTGG	58	CAVIDSNYQLIW	:::::::::0:1:15:::::9:1:36:::	
708	39.0	1.8160398224937487E-4	1	0.0011614401858304297	TGCGCTGTGAGAGATAACTATGGTCAGAATTTTGTCTTT	NNNNNNNNNNNNNNNNNNNNNNNNNNNNNNNNNNNNNNN	TRAV1-1*00(1314.1)		TRAJ26*00(558.4)	TRAC*00(104.6)	332|347|366|0|15||150.0		22|49|80|12|39||270.0		TGCGCTGTGAGAGATAACTATGGTCAGAATTTTGTCTTT	45	CAVRDNYGQNFVF	:::::::::0:1:15:::::12:-2:39:::	
696	38.0	1.7694746988400627E-4	1	0.0011614401858304297	TGTGCAGAGAGGTGGTCTGGTGGCTACAATAAGCTGATTTTT	NNNNNNNNNNNNNNNNNNNNNNNNNNNNNNNNNNNNNNNNNN	TRAV13-2*00(1528.8)		TRAJ4*00(574.7)	TRAC*00(105)	347|357|380|0|10||100.0		25|52|83|15|42||270.0		TGTGCAGAGAGGTGGTCTGGTGGCTACAATAAGCTGATTTTT	45	CAERWSGGYNKLIF	:::::::::0:-3:10:::::15:-5:42:::	
242	37.0	1.722909575186377E-4	2	0.0023228803716608595	TGTGCTTACCGAAAGGAGGGCGGATCTGAAAAGCTGGTCTTT	[[[[[[[[[[[[[[[[[[[[[[[[[[[[[[[[[[[[[[[[[[	TRAV38-2DV8*00(1666.8)		TRAJ57*00(568.8)	TRAC*00(104.7)	353|361|389|0|8||80.0		26|52|83|16|42||260.0		TGTGCTTACCGAAAGGAGGGCGGATCTGAAAAGCTGGTCTTT	58	CAYRKEGGSEKLVF	:::::::::0:-8:8:::::16:-6:42:::	
334	36.0	1.676344451532691E-4	2	0.0023228803716608595	TGTGCAGAGAGTATAGGCTTTGGGAATGTGCTGCATTGC	[[[[[[[[[[[[[[[[[[[[[[[[[[[[[[[[[[[[[[[	TRAV5*00(1398.3)		TRAJ35*00(578.7)	TRAC*00(105)	347|362|380|0|15||150.0		21|48|79|12|39||270.0		TGTGCAGAGAGTATAGGCTTTGGGAATGTGCTGCATTGC	58	CAESIGFGNVLHC	:::::::::0:2:15:::::12:-1:39:::	
338	36.0	1.676344451532691E-4	2	0.0023228803716608595	TGTGCAATGAGAGGAAGCCAAGGAAATCTCATCTTT	[[[[[[[[[[[[[[[[[[[[[[[[[[[[[[[[[[[[	TRAV14DV4*00(679.4)		TRAJ42*00(569.2)	TRAC*00(105)	353|366|390|0|13||130.0		29|55|86|10|36||260.0		TGTGCAATGAGAGGAAGCCAAGGAAATCTCATCTTT	58	CAMRGSQGNLIF	:::::::::0:-4:13:::::10:-9:36:::	
705	35.0	1.6297793278790052E-4	1	0.0011614401858304297	TGCCTCGTGGGTGACCTCGGGAGGGGTTCTGCAAGGCAACTGACCTTT	NNNNNNNNNNNNNNNNNNNNNNNNNNNNNNNNNNNNNNNNNNNNNNNN	TRAV4*00(1351.5)		TRAJ22*00(533.4)	TRAC*00(105)	332|347|368|0|15||150.0		28|52|83|24|48||240.0		TGCCTCGTGGGTGACCTCGGGAGGGGTTCTGCAAGGCAACTGACCTTT	45	CLVGDLGRGSARQLTF	:::::::::0:-1:15:::::24:-8:48:::	
257	34.0	1.5832142042253194E-4	2	0.0023228803716608595	TGTGCTGTGGAAGATAGCAACTATCAGTTAATCTGG	[[[[[[[[[[[[[[[[[[[[[[[[[[[[[[[[[[[[	TRAV1-2*00(1348.7)		TRAJ33*00(548.2)	TRAC*00(105)	332|347|366|0|15|SA341GSG342A|92.0		22|46|77|12|36||240.0		TGTGCTGTGGAAGATAGCAACTATCAGTTAATCTGG	58	CAVEDSNYQLIW	:::::::::0:1:15:::::12:-2:36:::	
383	33.0	1.5366490805716334E-4	1	0.0011614401858304297	TGTGCTTTAGGGGGTAGCAACTATCAGTTAATCTGG	NNNNNNNNNNNNNNNNNNNNNNNNNNNNNNNNNNNN	TRAV21*00(1894.2)		TRAJ33*00(530.1)	TRAC*00(105)	344|350|376|0|6||60.0		21|46|77|11|36|SA23G|221.0		TGTGCTTTAGGGGGTAGCAACTATCAGTTAATCTGG	45	CALGGSNYQLIW	:::::::::0:-6:6:::::11:-1:36:::	
402	33.0	1.5366490805716334E-4	1	0.0011614401858304297	TGTGCTCTGAGTGGCGCCAGTGGCTCTAGGTTGACCTTT	NNNNNNNNNNNNNNNNNNNNNNNNNNNNNNNNNNNNNNN	TRAV19*00(1020)		TRAJ58*00(521.5)	TRAC*00(105)	353|366|390|0|13||130.0		29|52|83|16|39||230.0		TGTGCTCTGAGTGGCGCCAGTGGCTCTAGGTTGACCTTT	45	CALSGASGSRLTF	:::::::::0:-4:13:::::16:-9:39:::	
695	33.0	1.5366490805716334E-4	1	0.0011614401858304297	TGTGCAGAGATACCAGGAGGAAGCTACATACCTACATTT	NNNNNNNNNNNNNNNNNNNNNNNNNNNNNNNNNNNNNNN	TRAV13-2*00(787.5)		TRAJ6*00(567.4)	TRAC*00(104.7)	347|357|380|0|10||100.0		25|51|82|13|39||260.0		TGTGCAGAGATACCAGGAGGAAGCTACATACCTACATTT	45	CAEIPGGSYIPTF	:::::::::0:-3:10:::::13:-5:39:::	
239	31.0	1.4435188332642617E-4	2	0.0023228803716608595	TGTGTTCCGCAATCTGGTGGCTACAATAAGCTGATTTTT	[[[[[[[[[[[[[[[[[[[[[[[[[[[[[[[[[[[[[[[	TRAV8-2*00(1089)		TRAJ4*00(575.8)	TRAC*00(105)	347|353|381|0|6||60.0		25|52|83|12|39||270.0		TGTGTTCCGCAATCTGGTGGCTACAATAAGCTGATTTTT	58	CVPQSGGYNKLIF	:::::::::0:-8:6:::::12:-5:39:::	
263	31.0	1.4435188332642617E-4	2	0.0023228803716608595	TGTGCTGATCCACTCATGGAATATGGAAACAAACTGGTCTTT	[[[[[[[[[[[[[[[[[[[[[[[[[[[[[[[[[[[[[[[[[[	TRAV21*00(1661.3)		TRAJ47*00(570.3)	TRAC*00(105)	344|351|376|0|7||70.0		18|46|77|14|42||280.0		TGTGCTGATCCACTCATGGAATATGGAAACAAACTGGTCTTT	58	CADPLMEYGNKLVF	:::::::::0:-5:7:::::14:2:42:::	
245	30.0	1.396953709610576E-4	2	0.0023228803716608595	TGTGCTCTGAGTGAGGAGAAGGGGGCTCTAGCAACACAGGCAAACTAATCTTT	[[[[[[[[[[[[[[[[[[[[[[[[[[[[[[[[[[[[[[[[[[[[[[[[[[[[[	TRAV19*00(1466.4)		TRAJ37*00(577.4)	TRAC*00(105)	353|369|390|0|16||160.0		21|51|82|23|53|SG27A|271.0		TGTGCTCTGAGTGAGGAGAAGGGGGCTCTAGCAACACAGGCAAACTAATCTTT	58	CALSEEKGA_SNTGKLIF	:::::::::0:-1:16:::::23:-1:53:::	
374	30.0	1.396953709610576E-4	1	0.0011614401858304297	TGTGTGGTGACCCAATCAGGAGGAAGCTACATACCTACATTT	NNNNNNNNNNNNNNNNNNNNNNNNNNNNNNNNNNNNNNNNNN	TRAV10*00(1910.7)		TRAJ6*00(585.2)	TRAC*00(104.2)	350|360|383|0|10||100.0		23|51|82|14|42||280.0		TGTGTGGTGACCCAATCAGGAGGAAGCTACATACCTACATTT	45	CVVTQSGGSYIPTF	:::::::::0:-3:10:::::14:-3:42:::	
699	30.0	1.396953709610576E-4	1	0.0011614401858304297	TGTGCAGAGAAGGTTGTAGGCTTTGGGAATGTGCTGCATTGC	NNNNNNNNNNNNNNNNNNNNNNNNNNNNNNNNNNNNNNNNNN	TRAV13-2*00(1421)		TRAJ35*00(568.1)	TRAC*00(105)	347|358|380|0|11||110.0		22|48|79|16|42||260.0		TGTGCAGAGAAGGTTGTAGGCTTTGGGAATGTGCTGCATTGC	45	CAEKVVGFGNVLHC	:::::::::0:-2:11:::::16:-2:42:::	
741	29.0	1.35038858595689E-4	1	0.0011614401858304297	TGCATCGCCCCTCTTGGGAATGTGCTGCATTGC	NNNNNNNNNNNNNNNNNNNNNNNNNNNNNNNNN	TRAV26-1*00(1253)		TRAJ35*00(506)	TRAC*00(105)	332|339|368|0|7||70.0		28|48|79|13|33||200.0		TGCATCGCCCCTCTTGGGAATGTGCTGCATTGC	45	CIAPLGNVLHC	:::::::::0:-9:7:::::13:-8:33:::	
240	28.0	1.3038234623032041E-4	2	0.0023228803716608595	TGTGTGGTGAGAATCGAGGAATATGGAAACAAACTGGTCTTT	[[[[[[[[[[[[[[[[[[[[[[[[[[[[[[[[[[[[[[[[[[	TRAV10*00(1747.8)		TRAJ47*00(542.4)	TRAC*00(105)	350|361|383|0|11||110.0		21|46|77|17|42||250.0		TGTGTGGTGAGAATCGAGGAATATGGAAACAAACTGGTCTTT	58	CVVRIEEYGNKLVF	:::::::::0:-2:11:::::17:-1:42:::	
439	28.0	1.3038234623032041E-4	1	0.0011614401858304297	TGTGCTGTGAGTCCTCAAACTGGGGCAAACAACCTCTTCTTT	NNNNNNNNNNNNNNNNNNNNNNNNNNNNNNNNNNNNNNNNNN	TRAV8-4*00(638.6)		TRAJ36*00(576.5)	TRAC*00(105)	347|359|381|0|12||120.0		20|48|79|14|42||280.0		TGTGCTGTGAGTCCTCAAACTGGGGCAAACAACCTCTTCTTT	45	CAVSPQTGANNLFF	:::::::::0:-2:12:::::14:0:42:::	
262	26.0	1.2106932149958324E-4	2	0.0023228803716608595	TGTGCTGCGGCTTCAGGAGGAGGTGCTGACGGACTCACCTTT	[[[[[[[[[[[[[[[[[[[[[[[[[[[[[[[[[[[[[[[[[[	TRAV8-5*00(568.6),TRAV8-3*00(559.6)		TRAJ45*00(600.8)	TRAC*00(105)	1424|1432|1458|0|8||80.0;347|357|381|0|10|ST354C|71.0		24|55|86|11|42||310.0		TGTGCTGCGGCTTCAGGAGGAGGTGCTGACGGACTCACCTTT	58	CAAASGGGADGLTF	:::::::::0:-6:8:::::11:-4:42:::	
405	26.0	1.2106932149958324E-4	1	0.0011614401858304297	TGTGCTCTGAGTGAGGCTCGGCAACACAGGCAAACTAATCTTT	NNNNNNNNNNNNNNNNNNNNNNNNNNNNNNNNNNNNNNNNNNN	TRAV19*00(1028.9)		TRAJ37*00(545.5)	TRAC*00(105)	353|370|390|0|17||170.0		27|51|82|19|43||240.0		TGTGCTCTGAGTGAGGCTCGGCAACACAGGCAAACTAATCTTT	45	CALSEAR_NTGKLIF	:::::::::0:0:17:::::19:-7:43:::	
445	26.0	1.2106932149958324E-4	1	0.0011614401858304297	TGTGCTGTGAGAGATGGGAACTATCAGTTAATCTGG	NNNNNNNNNNNNNNNNNNNNNNNNNNNNNNNNNNNN	TRAV1-2*00(1064.3)		TRAJ33*00(485.3)	TRAC*00(104.5)	332|347|366|0|15||150.0		22|46|77|12|36|SA25GSC27G|182.0		TGTGCTGTGAGAGATGGGAACTATCAGTTAATCTGG	45	CAVRDGNYQLIW	:::::::::0:1:15:::::12:-2:36:::	
692	26.0	1.2106932149958324E-4	1	0.0011614401858304297	TGTGCAGGGTTTGGAGGAACCTACAAATACATCTTT	NNNNNNNNNNNNNNNNNNNNNNNNNNNNNNNNNNNN	TRAV25*00(1101)		TRAJ40*00(528.9)	TRAC*00(105)	338|347|367|0|9||90.0		28|50|81|14|36||220.0		TGTGCAGGGTTTGGAGGAACCTACAAATACATCTTT	45	CAGFGGTYKYIF	:::::::::0:0:9:::::14:-8:36:::	
412	25.0	1.1641280913421465E-4	1	0.0011614401858304297	TGTGCTCTAATTAAAACCAGTGGCTCTAGGTTGACCTTT	NNNNNNNNNNNNNNNNNNNNNNNNNNNNNNNNNNNNNNN	TRAV16*00(1416.5)		TRAJ58*00(556.1)	TRAC*00(105)	335|345|369|0|10||100.0		26|52|83|13|39||260.0		TGTGCTCTAATTAAAACCAGTGGCTCTAGGTTGACCTTT	45	CALIKTSGSRLTF	:::::::::0:-4:10:::::13:-6:39:::	
444	25.0	1.1641280913421465E-4	1	0.0011614401858304297	TGTGCTGTGAGAGATCGAAACTATCAGTTAATCTGG	NNNNNNNNNNNNNNNNNNNNNNNNNNNNNNNNNNNN	TRAV1-2*00(1372.2)		TRAJ33*00(485.4)	TRAC*00(105)	332|348|366|0|16||160.0		22|46|77|12|36|SA25CSC27A|182.0		TGTGCTGTGAGAGATCGAAACTATCAGTTAATCTGG	45	CAVRDRNYQLIW	:::::::::0:2:16:::::12:-2:36:::	
467	25.0	1.1641280913421465E-4	1	0.0011614401858304297	TGTGCCTTTATCAATAATGCAGGCAACATGCTCACCTTT	NNNNNNNNNNNNNNNNNNNNNNNNNNNNNNNNNNNNNNN	TRAV24*00(1815.1)		TRAJ39*00(554.1)	TRAC*00(103.9)	353|367|383|0|14|SA364C|111.0		25|52|83|12|39||270.0		TGTGCCTTTATCAATAATGCAGGCAACATGCTCACCTTT	45	CAFINNAGNMLTF	:::::::::0:4:14:::::12:-5:39:::	
669	25.0	1.1641280913421465E-4	1	0.0011614401858304297	TGTGCCAACTTTGCCGGATACAGCACCCTCACCTTT	NNNNNNNNNNNNNNNNNNNNNNNNNNNNNNNNNNNN	TRAV12-2*00(1113.7)		TRAJ11*00(509.6)	TRAC*00(105)	350|356|383|0|6||60.0		28|49|80|15|36||210.0		TGTGCCAACTTTGCCGGATACAGCACCCTCACCTTT	45	CANFAGYSTLTF	:::::::::0:-7:6:::::15:-8:36:::	
701	25.0	1.1641280913421465E-4	1	0.0011614401858304297	TGTGCAATGACGGATAGCAACTATCAGTTAATCTGG	NNNNNNNNNNNNNNNNNNNNNNNNNNNNNNNNNNNN	TRAV12-3*00(1601.2)		TRAJ33*00(560)	TRAC*00(105)	350|360|383|0|10||100.0		21|46|77|11|36||250.0		TGTGCAATGACGGATAGCAACTATCAGTTAATCTGG	45	CAMTDSNYQLIW	:::::::::0:-3:10:::::11:-1:36:::	
367	24.0	1.1175629676884608E-4	1	0.0011614401858304297	TGTGTGGTTTATGGTGGTGCTACAAACAAGCTCATCTTT	NNNNNNNNNNNNNNNNNNNNNNNNNNNNNNNNNNNNNNN	TRAV12-1*00(1690)		TRAJ32*00(618.7)	TRAC*00(105)	344|352|377|0|8||80.0		24|55|86|8|39||310.0		TGTGTGGTTTATGGTGGTGCTACAAACAAGCTCATCTTT	45	CVVYGGATNKLIF	:::::::::0:-5:8:::::8:-4:39:::	
376	24.0	1.1175629676884608E-4	1	0.0011614401858304297	TGTGTGGTGAGCGCGAGATGGTGGTGCTACAAACAAGCTCATCTTT	NNNNNNNNNNNNNNNNNNNNNNNNNNNNNNNNNNNNNNNNNNNNNN	TRAV10*00(1697.6)		TRAJ32*00(595.2)	TRAC*00(105)	350|365|383|0|15||150.0		26|55|86|17|46||290.0		TGTGTGGTGAGCGCGAGATGGTGGTGCTACAAACAAGCTCATCTTT	45	CVVSARWW_ATNKLIF	:::::::::0:2:15:::::17:-6:46:::	
408	24.0	1.1175629676884608E-4	1	0.0011614401858304297	TGTGCTCTGAGCTCTATTTCTTCTGGTTCTGCAAGGCAACTGACCTTT	NNNNNNNNNNNNNNNNNNNNNNNNNNNNNNNNNNNNNNNNNNNNNNNN	TRAV19*00(905.2)		TRAJ22*00(619.5)	TRAC*00(105)	353|364|390|0|11||110.0		19|52|83|15|48||330.0		TGTGCTCTGAGCTCTATTTCTTCTGGTTCTGCAAGGCAACTGACCTTT	45	CALSSISSGSARQLTF	:::::::::0:-6:11:::::15:1:48:::	
421	24.0	1.1175629676884608E-4	1	0.0011614401858304297	TGTGCTGTCCTGGATAGCAACTATCAGTTAATCTGG	NNNNNNNNNNNNNNNNNNNNNNNNNNNNNNNNNNNN	TRAV1-2*00(1059.6)		TRAJ33*00(566.4)	TRAC*00(104.4)	332|340|366|0|8||80.0		20|46|77|10|36||260.0		TGTGCTGTCCTGGATAGCAACTATCAGTTAATCTGG	45	CAVLDSNYQLIW	:::::::::0:-6:8:::::10:0:36:::	
243	23.0	1.0709978440347749E-4	2	0.0023228803716608595	TGTGCTCTTGGGGAACGAAGCACCCTCACCTTT	[[[[[[[[[[[[[[[[[[[[[[[[[[[[[[[[[	TRDV1*00(1214.9)		TRAJ11*00(453.1)	TRAC*00(105)	350|366|387|0|16||160.0		34|49|80|18|33||150.0		TGTGCTCTTGGGGAACGAAGCACCCTCACCTTT	58	CALGERSTLTF	:::::::::0:-1:16:::::18:-14:33:::	
436	23.0	1.0709978440347749E-4	1	0.0011614401858304297	TGTGCTGTGGACCCCCATCGCTCTGGTGGCTACAATAAGCTGATTTTT	NNNNNNNNNNNNNNNNNNNNNNNNNNNNNNNNNNNNNNNNNNNNNNNN	TRAV2*00(1825.9)		TRAJ4*00(580)	TRAC*00(105)	344|355|378|0|11||110.0		25|52|83|21|48||270.0		TGTGCTGTGGACCCCCATCGCTCTGGTGGCTACAATAAGCTGATTTTT	45	CAVDPHRSGGYNKLIF	:::::::::0:-3:11:::::21:-5:48:::	
446	23.0	1.0709978440347749E-4	1	0.0011614401858304297	TGTGCTGTGAGAGATAGCAACTATCAGTTAATCTGG	NNNNNNNNNNNNNNNNNNNNNNNNNNNNNNNNNNNN	TRAV1-2*00(772.6)		TRAJ33*00(542.4)	TRAC*00(105)	332|347|366|0|15||150.0		22|46|77|12|36||240.0		TGTGCTGTGAGAGATAGCAACTATCAGTTAATCTGG	45	CAVRDSNYQLIW	:::::::::0:1:15:::::12:-2:36:::	
689	23.0	1.0709978440347749E-4	1	0.0011614401858304297	TGTGCAGCAAGACCCTACACAGGCAAACTAATCTTT	NNNNNNNNNNNNNNNNNNNNNNNNNNNNNNNNNNNN	TRAV13-1*00(1360)		TRAJ37*00(507.5)	TRAC*00(105)	344|355|377|0|11||110.0		31|51|82|16|36||200.0		TGTGCAGCAAGACCCTACACAGGCAAACTAATCTTT	45	CAARPYTGKLIF	:::::::::0:-2:11:::::16:-11:36:::	
423	22.0	1.024432720381089E-4	1	0.0011614401858304297	TGTGCTGTCGTTTCTGGTGGCTACAATAAGCTGATTTTT	NNNNNNNNNNNNNNNNNNNNNNNNNNNNNNNNNNNNNNN	TRAV2*00(1917.4)		TRAJ4*00(571)	TRAC*00(105)	344|352|378|0|8||80.0		23|52|83|10|39||290.0		TGTGCTGTCGTTTCTGGTGGCTACAATAAGCTGATTTTT	45	CAVVSGGYNKLIF	:::::::::0:-6:8:::::10:-3:39:::	
399	21.0	9.778675967274031E-5	1	0.0011614401858304297	TGTGCTCTGACCACCCTCTATGGTCAGAATTTTGTCTTT	NNNNNNNNNNNNNNNNNNNNNNNNNNNNNNNNNNNNNNN	TRAV9-2*00(1718.2)		TRAJ26*00(510.7)	TRAC*00(105)	344|354|378|0|10||100.0		27|49|80|17|39||220.0		TGTGCTCTGACCACCCTCTATGGTCAGAATTTTGTCTTT	45	CALTTLYGQNFVF	:::::::::0:-4:10:::::17:-7:39:::	
427	20.0	9.313024730737172E-5	1	0.0011614401858304297	TGTGCTGTGCTTCCTATGACAACTGACAGCTGGGGGAAATTGCAGTTT	NNNNNNNNNNNNNNNNNNNNNNNNNNNNNNNNNNNNNNNNNNNNNNNN	TRAV22*00(1518.1)		TRAJ24*00(625.3)	TRAC*00(104.3)	338|347|371|0|9||90.0		19|52|83|15|48||330.0		TGTGCTGTGCTTCCTATGACAACTGACAGCTGGGGGAAATTGCAGTTT	45	CAVLPMTTDSWGKLQF	:::::::::0:-4:9:::::15:1:48:::	
449	20.0	9.313024730737172E-5	1	0.0011614401858304297	TGTGCTGTGAAGGATATAAAGGGCGGATCTGAAAAGCTGGTCTTT	NNNNNNNNNNNNNNNNNNNNNNNNNNNNNNNNNNNNNNNNNNNNN	TRAV21*00(1849.1)		TRAJ57*00(570)	TRAC*00(105)	344|354|376|0|10||100.0		26|52|83|19|45||260.0		TGTGCTGTGAAGGATATAAAGGGCGGATCTGAAAAGCTGGTCTTT	45	CAVKDIKGGSEKLVF	:::::::::0:-2:10:::::19:-6:45:::	
673	20.0	9.313024730737172E-5	1	0.0011614401858304297	TGTGCACTAAAAACTGACAGCTGGGGGAAATTGCAGTTT	NNNNNNNNNNNNNNNNNNNNNNNNNNNNNNNNNNNNNNN	TRAV12-3*00(1016)		TRAJ24*00(579.9)	TRAC*00(105)	350|356|383|0|6||60.0		24|52|83|11|39||280.0		TGTGCACTAAAAACTGACAGCTGGGGGAAATTGCAGTTT	45	CALKTDSWGKLQF	:::::::::0:-7:6:::::11:-4:39:::	
685	20.0	9.313024730737172E-5	1	0.0011614401858304297	TGTGCAGCAAGTATAAAGGGGACTGGGGCAAACAACCTCTTCTTT	NNNNNNNNNNNNNNNNNNNNNNNNNNNNNNNNNNNNNNNNNNNNN	TRAV13-1*00(1706.1)		TRAJ36*00(528.3)	TRAC*00(105)	344|359|377|0|15||150.0		24|48|79|21|45||240.0		TGTGCAGCAAGTATAAAGGGGACTGGGGCAAACAACCTCTTCTTT	45	CAASIKGTGANNLFF	:::::::::0:2:15:::::21:-4:45:::	
438	19.0	8.847373494200313E-5	1	0.0011614401858304297	TGTGCTGTGATCGGCGGATCTGAAAAGCTGGTCTTT	NNNNNNNNNNNNNNNNNNNNNNNNNNNNNNNNNNNN	TRAV21*00(1938.5)		TRAJ57*00(546.9)	TRAC*00(105)	344|354|376|0|10||100.0		28|52|83|12|36||240.0		TGTGCTGTGATCGGCGGATCTGAAAAGCTGGTCTTT	45	CAVIGGSEKLVF	:::::::::0:-2:10:::::12:-8:36:::	
706	19.0	8.847373494200313E-5	1	0.0011614401858304297	TGCCTCGTGGGTGACCCGGGCTTTGGGAATGTGCTGCATTGC	NNNNNNNNNNNNNNNNNNNNNNNNNNNNNNNNNNNNNNNNNN	TRAV4*00(1362.5)		TRAJ35*00(548.5)	TRAC*00(104.3)	332|347|368|0|15||150.0		24|48|79|18|42||240.0		TGCCTCGTGGGTGACCCGGGCTTTGGGAATGTGCTGCATTGC	45	CLVGDPGFGNVLHC	:::::::::0:-1:15:::::18:-4:42:::	
453	17.0	7.916071021126597E-5	1	0.0011614401858304297	TGTGCTGTATGGGATAATGCAGGCAACATGCTCACCTTT	NNNNNNNNNNNNNNNNNNNNNNNNNNNNNNNNNNNNNNN	TRAV20*00(1897.7)		TRAJ39*00(552.9)	TRAC*00(105)	344|352|377|0|8||80.0		26|52|83|13|39||260.0		TGTGCTGTATGGGATAATGCAGGCAACATGCTCACCTTT	45	CAVWDNAGNMLTF	:::::::::0:-5:8:::::13:-6:39:::	
679	17.0	7.916071021126597E-5	1	0.0011614401858304297	TGTGCAGCATCTAACATGGATAGCAACTATCAGTTAATCTGG	NNNNNNNNNNNNNNNNNNNNNNNNNNNNNNNNNNNNNNNNNN	TRAV13-1*00(1600)		TRAJ33*00(584.9)	TRAC*00(105)	344|353|377|0|9||90.0		18|46|77|14|42||280.0		TGTGCAGCATCTAACATGGATAGCAACTATCAGTTAATCTGG	45	CAASNMDSNYQLIW	:::::::::0:-4:9:::::14:2:42:::	
387	16.0	7.450419784589738E-5	1	0.0011614401858304297	TGTGCTTATAGGGGAAATGCAGGCAACATGCTCACCTTT	NNNNNNNNNNNNNNNNNNNNNNNNNNNNNNNNNNNNNNN	TRAV38-2DV8*00(1664.7)		TRAJ39*00(521)	TRAC*00(105)	353|365|389|0|12||120.0		28|52|83|15|39||240.0		TGTGCTTATAGGGGAAATGCAGGCAACATGCTCACCTTT	45	CAYRGNAGNMLTF	:::::::::0:-4:12:::::15:-8:39:::	
400	16.0	7.450419784589738E-5	1	0.0011614401858304297	TGTGCTCTGACGTGGAGCAACACAGGCAAACTAATCTTT	NNNNNNNNNNNNNNNNNNNNNNNNNNNNNNNNNNNNNNN	TRAV9-2*00(1606.4)		TRAJ37*00(534.6)	TRAC*00(105)	344|354|378|0|10||100.0		28|51|82|16|39||230.0		TGTGCTCTGACGTGGAGCAACACAGGCAAACTAATCTTT	45	CALTWSNTGKLIF	:::::::::0:-4:10:::::16:-8:39:::	
674	16.0	7.450419784589738E-5	1	0.0011614401858304297	TGTGCACCTGAGGGGGGCGCAGGCTACAATAAGCTGATTTTT	NNNNNNNNNNNNNNNNNNNNNNNNNNNNNNNNNNNNNNNNNN	TRAV5*00(1868.2)		TRAJ4*00(520)	TRAC*00(105)	347|353|380|0|6||60.0		31|52|83|21|42||210.0		TGTGCACCTGAGGGGGGCGCAGGCTACAATAAGCTGATTTTT	45	CAPEGGAGYNKLIF	:::::::::0:-7:6:::::21:-11:42:::	
364	15.0	6.98476854805288E-5	1	0.0011614401858304297	TGTGTTGTGAGTGCCGGTGGTGGCTACAATAAGCTGATTTTT	NNNNNNNNNNNNNNNNNNNNNNNNNNNNNNNNNNNNNNNNNN	TRAV8-2*00(650)		TRAJ4*00(559.3)	TRAC*00(105)	347|360|381|0|13||130.0		27|52|83|17|42||250.0		TGTGTTGTGAGTGCCGGTGGTGGCTACAATAAGCTGATTTTT	45	CVVSAGGGYNKLIF	:::::::::0:-1:13:::::17:-7:42:::	
370	15.0	6.98476854805288E-5	1	0.0011614401858304297	TGTGTGGTGCCACCCGGAGAATATGGAAACAAGCTGGTCTTT	NNNNNNNNNNNNNNNNNNNNNNNNNNNNNNNNNNNNNNNNNN	TRAV12-1*00(978.1)		TRAJ47*00(511.3)	TRAC*00(105)	344|353|377|0|9||90.0		22|46|77|18|42|SA36G|211.0		TGTGTGGTGCCACCCGGAGAATATGGAAACAAGCTGGTCTTT	45	CVVPPGEYGNKLVF	:::::::::0:-4:9:::::18:-2:42:::	
410	15.0	6.98476854805288E-5	1	0.0011614401858304297	TGTGCTCTGAGACTTTCTGGTGGCTACAATAAGCTGATTTTT	NNNNNNNNNNNNNNNNNNNNNNNNNNNNNNNNNNNNNNNNNN	TRAV9-2*00(1887.8)		TRAJ4*00(593.3)	TRAC*00(105)	344|355|378|0|11||110.0		23|52|83|13|42||290.0		TGTGCTCTGAGACTTTCTGGTGGCTACAATAAGCTGATTTTT	45	CALRLSGGYNKLIF	:::::::::0:-3:11:::::13:-3:42:::	
472	15.0	6.98476854805288E-5	1	0.0011614401858304297	TGTGCCCCGGGAGATAGCAACTATCAGTTAATCTGG	NNNNNNNNNNNNNNNNNNNNNNNNNNNNNNNNNNNN	TRAV1-2*00(1598.1)		TRAJ33*00(550)	TRAC*00(105)	332|337|366|0|5||50.0		22|46|77|12|36||240.0		TGTGCCCCGGGAGATAGCAACTATCAGTTAATCTGG	45	CAPGDSNYQLIW	:::::::::0:-9:5:::::12:-2:36:::	
381	14.0	6.519117311516021E-5	1	0.0011614401858304297	TGTGCTTTCATGAATGGCTCTAGCAACACAGGCAAACTAATCTTT	NNNNNNNNNNNNNNNNNNNNNNNNNNNNNNNNNNNNNNNNNNNNN	TRAV38-1*00(1857.9)		TRAJ37*00(601)	TRAC*00(105)	353|367|390|0|14||140.0		19|51|82|13|45|SG27A|291.0		TGTGCTTTCATGAATGGCTCTAGCAACACAGGCAAACTAATCTTT	45	CAFMNGSSNTGKLIF	:::::::::0:-3:14:::::13:1:45:::	
409	14.0	6.519117311516021E-5	1	0.0011614401858304297	TGTGCTCTGAGGGAATCTAGCAACACAGGCAAACTAATCTTT	NNNNNNNNNNNNNNNNNNNNNNNNNNNNNNNNNNNNNNNNNN	TRAV9-2*00(1916.9)		TRAJ37*00(548.9)	TRAC*00(105)	344|358|378|0|14|ST355G|111.0		24|51|82|15|42|SG27A|241.0		TGTGCTCTGAGGGAATCTAGCAACACAGGCAAACTAATCTTT	45	CALRESSNTGKLIF	:::::::::0:0:14:::::15:-4:42:::	
442	14.0	6.519117311516021E-5	1	0.0011614401858304297	TGTGCTGTGAGGGCTGGTTCTGCAAGGCAACTGACCTTT	NNNNNNNNNNNNNNNNNNNNNNNNNNNNNNNNNNNNNNN	TRAV8-6*00(654.5)		TRAJ22*00(547.2)	TRAC*00(104.6)	347|358|381|0|11||110.0		26|52|83|13|39||260.0		TGTGCTGTGAGGGCTGGTTCTGCAAGGCAACTGACCTTT	45	CAVRAGSARQLTF	:::::::::0:-3:11:::::13:-6:39:::	
455	14.0	6.519117311516021E-5	1	0.0011614401858304297	TGTGCTGCTATGGATAGCAACTATCAGTTAATCTGG	NNNNNNNNNNNNNNNNNNNNNNNNNNNNNNNNNNNN	TRAV1-2*00(990.7)		TRAJ33*00(569.6)	TRAC*00(105)	332|339|366|0|7||70.0		19|46|77|9|36||270.0		TGTGCTGCTATGGATAGCAACTATCAGTTAATCTGG	45	CAAMDSNYQLIW	:::::::::0:-7:7:::::9:1:36:::	
377	13.0	6.053466074979162E-5	1	0.0011614401858304297	TGTGTGGTGAACTATTTGGGCGCTTTGGGAATGTGCTGCATTGC	NNNNNNNNNNNNNNNNNNNNNNNNNNNNNNNNNNNNNNNNNNNN	TRAV12-1*00(620)		TRAJ35*00(540)	TRAC*00(105)	344|356|377|0|12||120.0		25|48|79|21|44||230.0		TGTGTGGTGAACTATTTGGGCGCTTTGGGAATGTGCTGCATTGC	45	CVVNYLG_FGNVLHC	:::::::::0:-1:12:::::21:-5:44:::	
671	13.0	6.053466074979162E-5	1	0.0011614401858304297	TGTGCGGGCGCGAGGAGGTGCTGACGGACTCACCTTT	NNNNNNNNNNNNNNNNNNNNNNNNNNNNNNNNNNNNN	TRAV41*00(650)		TRAJ45*00(558.1)	TRAC*00(105)	344|349|376|0|5||50.0		29|55|86|11|37||260.0		TGTGCGGGCGCGAGGAGGTGCTGACGGACTCACCTTT	45	CAGARR_ADGLTF	:::::::::0:-7:5:::::11:-9:37:::	
684	13.0	6.053466074979162E-5	1	0.0011614401858304297	TGTGCAGCAAGTCGGTCCCTTTGGAGAGGCTCAACCCTGGGGAGGCTATACTTT	NNNNNNNNNNNNNNNNNNNNNNNNNNNNNNNNNNNNNNNNNNNNNNNNNNNNNN	TRAV13-1*00(1783.3)		TRAJ18*00(594.4)	TRAC*00(105)	344|356|377|0|12||120.0		25|55|86|24|54||300.0		TGTGCAGCAAGTCGGTCCCTTTGGAGAGGCTCAACCCTGGGGAGGCTATACTTT	45	CAASRSLWRGSTLGRLYF	:::::::::0:-1:12:::::24:-5:54:::	
687	13.0	6.053466074979162E-5	1	0.0011614401858304297	TGTGCAGCAAGTAAAAAGAGGGGCAAACAACCTCTTCTTT	NNNNNNNNNNNNNNNNNNNNNNNNNNNNNNNNNNNNNNNN	TRAV13-1*00(1320.7)		TRAJ36*00(498.8)	TRAC*00(105)	344|357|377|0|13||130.0		27|48|79|19|40||210.0		TGTGCAGCAAGTAAAAAGAGGGGCAAACAACCTCTTCTTT	45	CAASKKR_ANNLFF	:::::::::0:0:13:::::19:-7:40:::	
700	13.0	6.053466074979162E-5	1	0.0011614401858304297	TGTGCAATCCCAGGCTTTGGGAATGTGCTGCATTGC	NNNNNNNNNNNNNNNNNNNNNNNNNNNNNNNNNNNN	TRAV12-3*00(1130)		TRAJ35*00(555.5)	TRAC*00(104.6)	350|358|383|0|8||80.0		23|48|79|11|36||250.0		TGTGCAATCCCAGGCTTTGGGAATGTGCTGCATTGC	45	CAIPGFGNVLHC	:::::::::0:-5:8:::::11:-3:36:::	
384	12.0	5.587814838442304E-5	1	0.0011614401858304297	TGTGCTTTAGACTCTAGCAACACAGGCAAACTAATCTTT	NNNNNNNNNNNNNNNNNNNNNNNNNNNNNNNNNNNNNNN	TRAV8-4*00(1832.3)		TRAJ37*00(561)	TRAC*00(105)	347|353|381|0|6||60.0		23|51|82|11|39|SG27A|251.0		TGTGCTTTAGACTCTAGCAACACAGGCAAACTAATCTTT	45	CALDSSNTGKLIF	:::::::::0:-8:6:::::11:-3:39:::	
426	12.0	5.587814838442304E-5	1	0.0011614401858304297	TGTGCTGTGTAATGCAGGCAACATGCTCACCTTT	NNNNNNNNNNNNNNNNNNNNNNNNNNNNNNNNNN	TRAV1-2*00(1200)		TRAJ39*00(543.1)	TRAC*00(105)	332|341|366|0|9||90.0		27|52|83|9|34||250.0		TGTGCTGTGTAATGCAGGCAACATGCTCACCTTT	45	CAV*CR_NMLTF	:::::::::0:-5:9:::::9:-7:34:::	
434	12.0	5.587814838442304E-5	1	0.0011614401858304297	TGTGCTGTGGCGTATGGAAACAAACTGGTCTTT	NNNNNNNNNNNNNNNNNNNNNNNNNNNNNNNNN	TRAV21*00(1744.4)		TRAJ47*00(515.2)	TRAC*00(105)	344|353|376|0|9||90.0		25|46|77|12|33||210.0		TGTGCTGTGGCGTATGGAAACAAACTGGTCTTT	45	CAVAYGNKLVF	:::::::::0:-3:9:::::12:-5:33:::	
450	12.0	5.587814838442304E-5	1	0.0011614401858304297	TGTGCTGTGAAGGATAGCAACTATCAGTTAATCTGG	NNNNNNNNNNNNNNNNNNNNNNNNNNNNNNNNNNNN	TRAV1-2*00(1162.8)		TRAJ33*00(555.2)	TRAC*00(105)	332|342|366|0|10||100.0		21|46|77|11|36||250.0		TGTGCTGTGAAGGATAGCAACTATCAGTTAATCTGG	45	CAVKDSNYQLIW	:::::::::0:-4:10:::::11:-1:36:::	
458	12.0	5.587814838442304E-5	1	0.0011614401858304297	TGTGCTGCCACCTCCATTTCTTCTGGTTCTGCAAGGCAACTGACCTTT	NNNNNNNNNNNNNNNNNNNNNNNNNNNNNNNNNNNNNNNNNNNNNNNN	TRAV22*00(1527.6)		TRAJ22*00(623.1)	TRAC*00(105)	338|345|371|0|7||70.0		19|52|83|15|48||330.0		TGTGCTGCCACCTCCATTTCTTCTGGTTCTGCAAGGCAACTGACCTTT	45	CAATSISSGSARQLTF	:::::::::0:-6:7:::::15:1:48:::	
688	12.0	5.587814838442304E-5	1	0.0011614401858304297	TGTGCAGCAAGCAGCTCTAGCAACACAGGCAAACTAATCTTT	NNNNNNNNNNNNNNNNNNNNNNNNNNNNNNNNNNNNNNNNNN	TRAV23DV6*00(1290)		TRAJ37*00(568.6)	TRAC*00(105)	371|384|404|0|13||130.0		22|51|82|13|42|SG27A|261.0		TGTGCAGCAAGCAGCTCTAGCAACACAGGCAAACTAATCTTT	45	CAASSSSNTGKLIF	:::::::::0:0:13:::::13:-2:42:::	
480	11.0	5.122163601905445E-5	1	0.0011614401858304297	TGTGCCGTGACCTCCAACACCAATGCAGGCAAATCAACCTTT	NNNNNNNNNNNNNNNNNNNNNNNNNNNNNNNNNNNNNNNNNN	TRAV8-1*00(619.2)		TRAJ27*00(580)	TRAC*00(101.9)	347|357|381|0|10||100.0		21|48|79|15|42||270.0		TGTGCCGTGACCTCCAACACCAATGCAGGCAAATCAACCTTT	45	CAVTSNTNAGKSTF	:::::::::0:-4:10:::::15:-1:42:::	
694	10.0	4.656512365368586E-5	1	0.0011614401858304297	TGTGCAGGGCGAAAGGAATATGGAAACAAACTGGTCTTT	NNNNNNNNNNNNNNNNNNNNNNNNNNNNNNNNNNNNNNN	TRAV25*00(857.1)		TRAJ47*00(551.3)	TRAC*00(103.6)	338|348|367|0|10||100.0		21|46|77|14|39||250.0		TGTGCAGGGCGAAAGGAATATGGAAACAAACTGGTCTTT	45	CAGRKEYGNKLVF	:::::::::0:1:10:::::14:-1:39:::	
703	10.0	4.656512365368586E-5	1	0.0011614401858304297	TGTGCAATGAGAGGCTTTTCTGGTGGCTACAATAAGCTGATTTTT	NNNNNNNNNNNNNNNNNNNNNNNNNNNNNNNNNNNNNNNNNNNNN	TRAV14DV4*00(1448.1)		TRAJ4*00(610)	TRAC*00(105)	353|366|390|0|13||130.0		22|52|83|15|45||300.0		TGTGCAATGAGAGGCTTTTCTGGTGGCTACAATAAGCTGATTTTT	45	CAMRGFSGGYNKLIF	:::::::::0:-4:13:::::15:-2:45:::	
