assemble106			25S25N17M69S21N	GATTTTTGGAGCAGGGA	GATTTTTGGAGCAGGGA	-1	6
assemble258			18S17N24M49S18N	AATCAACCTTTGCTAATGGGACTA	AATCAACCTTTGGGGATGGGACTA	-1	10
assemble303	54S256N12M1I5M4I11M46S5N			TGAAAGCTAAGG-CAAGG----GGATTACTGTA	TGAAAGCTAAGGACACGGCCATGTATTACTGTA	29	-1
assemble338	32S268N12M2D2M1D16M25S4N			TTTATTACTGAAATCGTCAATTAACACAATTTC	TTTATTACTGCA--CG-CAAGCTACACAATTTC	8	-1
assemble340	2S246N11M6I9M61S12N			GAAGACTCAGC------TCTCTGCAC	GAAGACTCAGCTGCGTATCTCTGCAC	-1	-1
assemble379			8S18N18M57S26N	AAAAATCAAGGTATTTGG	AAAAATCAAGGTATTTGG	-1	15
assemble383	3S246N40M38S11N			GAGGACGAGGCTGATTATTACTGCACCTCATATACAAGCA	GAGGACGAGGCTGATTATTACTGCAGCTCATATACAAGCA	21	-1
assemble439	59S254N17M20S15N			CTCCGCTTTGTACTTCT	CTCCGCTTTGTACTTCT	16	-1
assemble443			49S15N15M2I9M9S13N	TCTTCTTTGGGTTGG--ACACAACTC	TCTTCTTTGGAAAGGGAACACAACTC	-1	7
assemble463	34S250N3M1I4M3I22M20S1N			GTG-CTCT---TCCGATCTCTGTGCCTGGAGTG	GTGACTCTGGCTTCTATCTCTGTGCCTGGAGTG	20	-1
assemble713	67S245N1M3D8M1D8M2I9M27S14N			CTCCTCCTCCCATGCCATCTG--TATTTCTGC	C---TCCTCCCA-GACATCTGTATATTTCTGC	29	-1
assemble834			49S12N10M6I10M14S15N	CGATCTCTGG------GGCACCCTGG	CGATCTCTGGGGCCGTGGCACCCTGG	-1	9
assemble1108	64S259N6M8I11M13S6N			CTGCGA--------TGTGCTTTCAT	CTGCGATGTATTTCTGTGCTTTCAT	14	-1
assemble1221			15S2N9M4I18M73S20N	CCTATAATT----CCAGCACTTTGGGAAAGG	CCTATAATTCACCCCTCCACTTTGGGAATGG	-1	22
assemble1382			9S2N9M4I14M5S24N	CCTATAATT----CCAGCACTTTGGGA	CCTATAATTCACCCCTCCACTTTGGGA	-1	22
assemble1423	45S256N21M30S10N			CTTCTGTTTACTTCTGTGACA	CTTCTGTTTACTTCTGTGCCA	14	-1
assemble1458	42S232N9M5D12M15S10N			ATGCTGCTGTTCTCTTAACTACTGTG	ATGCTGCTG-----TTTACTACTGTG	22	-1
assemble1527	42S232N9M5D12M38S10N			ATGCTGCTGTTCTCTTAACTACTGTG	ATGCTGCTG-----TTTACTACTGTG	22	-1
assemble1739	12S232N9M5D12M47S10N			ATGCTGCTGTTCTCTTAACTACTGTG	ATGCTGCTG-----TTTACTACTGTG	22	-1
assemble1751	21S256N21M41S10N			CTTCTGTTTACTTCTGTGACA	CTTCTGTTTACTTCTGTGCCA	14	-1
assemble1811			27S10M4I14M3S25N	CTCCTATAAT----CCCAGCACTTTGGG	CTCCTATAATTCACCCCTCCACTTTGGG	-1	24
assemble1932	46S232N30M6S1N			ATGCTGCTGTTCTCTTAACTACTGTGGAGG	ATGCTGCTGTTTACTACTGTGCTGTGGAGG	17	-1
assemble1949			23S18N18M42S26N	AAAAATCAAGGTATTTGG	AAAAATCAAGGTATTTGG	-1	15
assemble2018	16S246N11M6I9M46S12N			GAAGACTCAGC------TCTCTGCAC	GAAGACTCAGCTGCGTATCTCTGCAC	-1	-1
assemble2101	42S281N11M6I11M34S3N			TTACTGTATGA------GAAGCAATGCT	TTACTGTATGATTTGGCCAAGCAATGCT	4	-1
assemble2108			42S15N9M5I23M9S14N	GCCAAGGAA-----ATGATAGGAAAAGGCATTGAACT	GCCAAGGAAATCTCATCTTTGGAAAAGGCACTAAACT	-1	19
assemble2112	48S258N19M16S3N			ACCTACTTCTGTGCAGCAA	ACCTACTTCTGTGCAGCAA	9	-1
assemble2114	44S258N19M20S3N			ACCTACTTCTGTGCAGCAA	ACCTACTTCTGTGCAGCAA	9	-1
assemble2115	51S256N12M6I10M25S3N			ATCACTGTCAAC------ATAGTTTCCC	ATTACTGTCAACAGTATTATAGTTTCCC	5	-1
assemble2125	33S258N19M31S3N			ACCTACTTCTGTGCAGCAA	ACCTACTTCTGTGCAGCAA	9	-1
assemble2134	20S274N10M4D13M35S5N			ACTGCATGCAACTGAGCTACACACTTT	ACTGCATGCA----AGCTACACAGTTT	2	-1
assemble2288	233N8M6I9M64S31N			GGAGTCGG------CCTCCCAAA	GGAGTCGGCTGCTCCCTCCCAAA	-1	-1
assemble2343			51S17N24M7S18N	AATCAACCTTTGCTAATGGGACTA	AATCAACCTTTGGGGATGGGACTA	-1	10
assemble2356			26S17N17M4D14M23S12N	AAGCTGGTATTTGGGGACTTCAGAAGCCAGGCTGA	AAGCTGGTATTTGGCCA----AGGAACCAGGCTGA	-1	11
assemble2357			18S17N17M4D14M29S12N	AAGCTGGTATTTGGGGACTTCAGAAGCCAGGCTGA	AAGCTGGTATTTGGCCA----AGGAACCAGGCTGA	-1	11
assemble2362	16S259N12M3D10M41S4N			TGCACTACTGCACTCCAACCTGGGC	TGAACTACTGCA---CAACCTGGGC	8	-1
assemble2367	33S254N17M33S13N			ATCTGTGTACTTGTGTG	ATCTGTGTACTTGTGTG	13	-1
assemble2391	31S261N20M38S33N			GCTGAGTACTTCTGTGGAGA	GCTGAGTATCACTGTGGAGA	12	-1
assemble2398	27S245N1M3D8M1D8M2I9M25S14N			CTCCTCCTCCCATGCCATCTG--TATTTCTGC	C---TCCTCCCA-GACATCTGTATATTTCTGC	29	-1
assemble2400	28S275N18M35S3N			CTTGTATCACTGTGCGAG	CTTGTATCACTGTGCGAG	10	-1
assemble2490			36S2N9M4I14M46S24N	CCTATAATT----CCAGCACTTTGGGA	CCTATAATTCACCCCTCCACTTTGGGA	-1	22
assemble2491	21S274N19M41S3N			CCTTGTATCACTGTGCGAG	CCTTGTATCACTGTGCGAG	11	-1
assemble2517			32S8N17M26S26N	GAAAAACTGTTTTTTGG	GAAAAACTGTTTTTTGG	-1	14
assemble2522	20S253N17M45S4N			CCTATTTCTGTGCTGTA	CCTATTTCTGTGCTGTA	8	-1
assemble2537	24S250N14M7I10M38S6N			CAATTTACTATTGT-------CTAACAGTTT	CAACTTACTATTGTCAACAGGCTAACAGTTT	11	-1
assemble2613	35S253N9M8I10M29S10N			GGACTGAAG--------ACTTACTACT	GGACTGAAGACAGTGCCACTTACTACT	26	-1
assemble2694			23S8N17M24S26N	GAAAAACTGTTTTTTGG	GAAAAACTGTTTTTTGG	-1	14
assemble2736			32S2N9M4I14M3S24N	CCTATAATT----CCAGCACTTTGGGA	CCTATAATTCACCCCTCCACTTTGGGA	-1	22
assemble2752	3S264N31M48S1N			GAAGACACGGCCGTATATTACTGTGCTAGAG	GAGGACACGGCCGTGTATTACTGTGCTAGAG	21	-1
assemble2754	29S253N9M8I10M35S10N			GGACTGAAG--------ACTTACTACT	GGACTGAAGACAGTGCCACTTACTACT	26	-1
assemble2761	29S256N12M6I10M31S3N			ATCACTGTCAAC------ATAGTTTCCC	ATTACTGTCAACAGTATTATAGTTTCCC	5	-1
assemble2778	33S234N7M2D10M40S12N			GCTGCTGTTTTTACTACTG	GCTGCTG--TTTACTACTG	17	-1
assemble2783	25S262N17M47S8N			TGTACCTGTGTGCCACC	TGTACCTGTGTGCCACC	8	-1
assemble2786	10S243N8M1D9M1I6M2D14M39S9N			GCAGAACTGGGAGGATGC-GGACTTCCCCATTCTGTGCCAG	GCAGAACT-GGAGGATTCTGGAGTT--TATTTCTGTGCCAG	33	-1
assemble2787	12S254N11M2D5M4D9M48S3N			CGCAGCCATGTCCGCCAGGAACTGTGCCACC	CGCAGCCATGT--ACCAG----TGTGCCACC	22	-1
assemble2791	18S235N13M1I11M55S30N			TTGAAGACAAGGC-CACTATTACTG	TTGAAGACAAGGCTGACTATTACTG	23	-1
assemble2798	14S253N17M52S4N			CCTATTTCTGTGCTGTA	CCTATTTCTGTGCTGTA	8	-1
assemble2801			5S16N7M1I11M60S31N	CAACTAT-AACTGACATTT	CAACTATAAACTGACATTT	-1	18
assemble2820	52S258N8M5I13M10S3N			TACTGTCT-----ATGACAATTACCC	TACTGTCTACAAGATTACAATTACCC	3	-1
assemble2845	33S275N21M28S			TGTGTATTACTGTGTGAAAGA	TGTGTATTACTGTGTGAAAGA	10	-1
assemble2855			9S2N9M5I12M53S32N	GATAACTAT-----GAATTTTGTTTT	GATAACTATGGTCAGAATTTTGTCTT	-1	-1
assemble2867			26S17N10M5D10M32S13N	TCTTTGGCAGTCAGATGGAACAACA	TCTTTGGCAG-----TGGAACAACA	-1	4
assemble2875			48S9N19M3I5M1D9M9N	CACAACTCTTCTCTCCACA---AACACTAACTCATCG	CACAACTCTTCTTTGGAAAGGGAACAC-AACTCATCG	-1	13
assemble2881	28S287N12M4D9M29S			CTATTGTGCTGCGTGGGTGGGATTA	CTACTGTGCTGC----GTGGGATTA	4	-1
assemble2897	26S259N14M2D11M28S13N			ATTATTACTGGAGCATGTATATACAAG	ATTATTACTGCAGC--TTATATACAAG	8	-1
assemble2932			17S12N8M1I9M49S23N	CGATCTCT-GGGCCGTGG	CGATCTCTGGGGCCGTGG	-1	10
assemble3112			35S14N6M2D14M23S28N	GGTATGCACACTCAACTTCTGC	GGTATG--CACTCAACTTCGGC	-1	18
assemble3114	23S274N19M38S3N			CCTTGTATCACTGTGCGAG	CCTTGTATCACTGTGCGAG	11	-1
assemble3128			13S12N10M5D9M43S22N	CGATCTCTGGGGCCTGGCCGTGGC	CGATCTCTGG-----GGCCGTGGC	-1	9
assemble3184			10S2N9M4I15M48S23N	CCTATAATT----CCAACACTTTGGGAA	CCTATAATTCACCCCTCCACTTTGGGAA	-1	22
assemble3185	43S262N8M7I12M19S4N			ACAGCAGC-------TCTGCAGTGCTA	ACAGCAGCTTCTACATCTGCAGTGCTA	17	-1
assemble3189	15S229N21M1I11M36S13N			AGCTCCAGATGAATGAATATG-CTCTTACCTCT	AGCTCCAGATGAAAGACTCTGCCTCTTACCTCT	32	-1
assemble3195			30S9N9M9D11M24S24N	TTCACCCCTGTGGTCCCACCACTTTGGGA	TTCACCCCT---------CCACTTTGGGA	-1	24
assemble3197	37S237N5M1D4M9I18M18S12N			TTGGATTACA---------GGCATGAACTACTGCACA	TTGGA-GACAGGCATCGAGGGCATGAACTACTGCACA	31	-1
assemble3331	41S243N6M4I13M22S11N			AGCCAT----GCATCTACCTCTG	AGCCATGCAGGCATCTACCTCTG	21	-1
assemble3386			34S2N11M4I12M26S24N	CCTATAATTCA----AGCACTTTGGGA	CCTATAATTCACCCCTCCACTTTGGGA	-1	22
assemble3515	20S254N17M45S15N			CTCCGCTTTGTACTTCT	CTCCGCTTTGTACTTCT	16	-1
assemble3557			31S13N6M1D14M31S29N	ACAGGCAAAACTAATCTTTGG	ACAGGC-AAACTAATCTTTGG	-1	18
assemble3571			44S17N24M15S18N	AATCAACCTTTGCTAATGGGACTA	AATCAACCTTTGGGGATGGGACTA	-1	10
assemble3642			38S13N17M28S28N	ACAAGCTCATCTTTGGG	ACAAGCTCATCTTTGGG	-1	13
assemble3681			33S8N9M2I2M5I15M23S22N	AATGCAGGC--CA-----ACCTTTGGAGGGAGA	AATGCAGGCAACATGCTCACCTTTGGAGGGGGA	-1	23
assemble3683			2S5N6M4I16M21S32N	AATAAT----GCAACATGCTCTGCTT	AATAATGCAGGCAACATGCTCACCTT	5	-1
assemble3709	31S279N17M35S13N			GTGTACCACTGTGCCTG	GTGTACCACTGTGCCTG	9	-1
assemble3719			37S1N9M7D4M2D7M17S17N	GCTGTGTTCCTTCGGAGGAGGAGAGGCAC	GCTGTGTTC-------GGAG--GAGGCAC	-1	12
assemble3726	33S250N13M8I14M23S2N			CAACTTATTATTG--------ATTATAGTTACCCT	CAACTTATTACTGTCAACAGTATTATAGTTACCCT	11	-1
assemble3727			25S1N11M7I9M9S31N	TCCTGGGACAC-------ATGTTTTTC	TCCTGGGACACCCGACAGATGTTTTTC	-1	26
assemble3735			31S17N17M17S23N	TCCTGTTGGGGAAAGGG	TCCTGTTGGGGAAAGGG	-1	8
assemble3743	9S243N21M7I10M43S6N			GATCTCTCAATTTACTATTGT-------CTAACAGTTT	GATTTTGCAACTTACTATTGTCAACAGGCTAACAGTTT	18	-1
assemble3749	3S258N18M36S1N			ACATACCTCTGTGCCTTT	ACATACCTCTGTGCCTTT	9	-1
assemble3789			14S7N12M2D13M32S25N	AGATGACAAGATTGTATATTTGGAAAA	AGATGACAAGAT--CATCTTTGGAAAA	-1	20
assemble3802			9S2N48M25S	CCTACAATGAGCAGTTCTTCGGGCCAGGGACACGGCTCACCGTGCTAG	CCTACAATGAGCAGTTCTTCGGGCCAGGGACACGGCTCACCGTGCTAG	-1	19
assemble3806			34S16N20M29S27N	CAATAAGCTTATTTTTGGAG	CAATAAGCTGATTTTTGGAG	-1	15
assemble3808	31S237N12M5I2M2I13M24S3N			CTCAGTGATTGA-----CT--TTCTGTGTGGTGA	CTCAGTGATTCAGCCACCTACCTCTGTGTGGTGA	24	-1
assemble3815			4S5N16M4D10M41S28N	CTGGGGCAAACAATCTGGCAGTTCTTTGGG	CTGGGGCAAACAACCT----CTTCTTTGGG	-1	26
assemble3817	45S243N7M8I11M20S3N			TCAGCCA--------TGTGCTCTAAG	TCAGCCATGTATTACTGTGCTCTAAG	15	-1
assemble3820	3S261N35M37S	29S7N8M38S16N		GCCGAGGACACGGCTGTGTATCACTGTGTAAAAGA	GCCGAGGACACGGCTGTGTATTACTGTGCGAAAGA	24	-1
assemble3827			41S13N9M2D9M22S19N	ATATATTTTGGGGAGAGGGA	ATATATTTT--GGAGAGGGA	-1	10
assemble3830	4S258N13M1I14M46S1N			TCTGTGTACTACT-TGTGAGCAGTTACT	TCTGTGTACTTCTGTGCCAGCAGTTACT	12	-1
assemble3840			15S14N7M2D12M47S29N	CAGGCAAACACTAATCTTTGG	CAGGCAA--ACTAATCTTTGG	-1	18
assemble3856			39S8N10M1I16M17S22N	TGGTAATGCT-CAGTCTAGGAAAGGGG	TGGTAATGCTCCTGTTGGGGAAAGGGG	-1	17
assemble3857	30S264N10M4D11M27S			TACTGCACAAAATCCTTGGGCCCTG	TACTGCACAA----CCTGGGCCCTG	3	-1
assemble3858	17S258N11M1I12M43S8N			TCGGCCATGTA-AGATGTGCCAGC	TCGGCCATGTATCGCTGTGCCAGC	15	-1
assemble3861			33S7N10M6D11M23S32N	GGGCAGGAGACTGTGTTCACTTACTTT	GGGCAGGAGA------GCACTTACTTT	-1	-1
assemble3869	10S223N23M1D7M6I13M29S7N			TATACATTGCTGCTTCTCAGCCTCCGTGTCT------CCTACCTCTTTGC	TATACATTGCAGCTTCTCAGCCT-GGTGACTCAGCCACCTACCTCTGTGC	45	-1
assemble3872			21S14N16M6D13M27S9N	CATCTTTGGAGGTAGGTTATTTACAAGATTATCAG	CATCTTTGGGAGTGGG------ACAAGATTATCAG	-1	6
assemble3876	3S218N64M16S5N			CACAATCACCAGCCTGCAGCCTGAAGATTTTGCAACTTACTACTGTCTACAGCATAAGAGTTAC	CACAATCAGCAGCCTGCAGCCTGAAGATTTTGCAACTTATTACTGTCTACAGCATAATAGTTAC	43	-1
assemble3878			6S52M25S	GCTGAATATTTCCAGCACTGGGGCCAGGGCACCTTGGTCACCGTCTCCTCAG	GCTGAATACTTCCAGCACTGGGGCCAGGGCACCCTGGTCACCGTCTCCTCAG	-1	20
assemble3882	19S238N8M3I8M2I10M38S29N			TCCAGGCT---GACCAAGC--ATTATTAGTG	TCCAGGCTGAGGACGAGGCTGATTATTAGTG	29	-1
assemble3892	39S263N7M4D13M20S1N			GTACTTCTGAGTGTGTTGTGAGTG	GTACTTC----TGTGTTGTGAGTG	11	-1
assemble3894	59S284N17M7S8N			CCACTGTGCCTGCTGGA	CCACTGTGCCTGCTGGA	4	-1
assemble3897	50S274N10M2D4M1I11M6S2N			ACTGCATGCAATAACT-CACAATTTCCT	ACTGCATGCA--AGCTACACAATTTCCT	2	-1
assemble3899	29S270N5M1I5M2I13M1D10M20S			GAAAT-GTTAC--AATACTGTGCCTTGGTGGGAGGTG	GACATAGCTACCTACTACTGTGCCTT-GTGGGAGGTG	18	-1
assemble3905	25S244N11M3D3M4D16M2D10M9S3N			CCAACTCCCAGGACACAGGATACTAGGGACTTCTGTGCCCCATCAGTGA	CCAGCTCCCAG---ACA----TCTGTGTACTTCTGTG--CCATCAGTGA	33	-1
assemble3906			13S1N10M1D3M1D9M46S31N	TTTGACAGCAGCAACCTCTTCTTT	TTTGACAGCA-CAA-CTCTTCTTT	-1	23
assemble3908			11S16N12M4D13M43S25N	AATTGATAAACTTCCAGAAATTTGGGAAA	AATTGATAAACT----CACATTTGGGAAA	-1	22
assemble3911			29S6N17M37S28N	ATGAAAAACTGTTTTTT	ATGAAAAACTGTTTTTT	-1	16
assemble3912	24S266N11M3D9M36S1N			CTTCTGTGCCACAGGTAGTTACT	CTTCTGTGCCA---GCAGTTACT	4	-1
assemble3918			18S12N20M44S16N	TCTTTGGAAAAGGAACCTAT	TCTTTGGCAAAGGAACCTAT	-1	4
assemble3921			16S9N18M1D7M40S19N	TTCACCCCTCCACTTTGGAGAACTGG	TTCACCCCTCCACTTTGG-GAACGGG	-1	15
